sampleID,Z1,Z2,Z3,Z4,Z5,Z6,Z7,Z8,Z9,Z10,Final_Label
TCGA-C8-A1HL-01,-0.2795529,0.10996108,1.0140951,0.32576928,0.93253565,1.1943938,-0.3646165,-1.4255477,0.23517033,-0.7640437,LumB
TCGA-EW-A2FS-01,1.051643,-0.21578297,1.5533395,1.3456866,-0.5920374,0.7906295,1.9765294,-0.2189286,0.652581,-1.6134171,LumA
TCGA-D8-A1JU-01,0.6907564,0.19117613,-1.2664526,-0.95169723,-4.148662,-0.13996364,-0.535202,-0.29813024,-1.2525786,-0.8160898,LumA
TCGA-B6-A0RL-01,0.91006947,-1.1430244,0.5818848,-0.16604206,4.1847515,0.26420084,0.50065553,-4.2646365,0.26514366,0.33745772,LumB
TCGA-E9-A3HO-01,1.5328333,0.12600811,1.2026577,-0.017997805,0.12955698,0.94626236,1.2660954,-1.601526,0.9068227,-0.59701616,LumB
TCGA-BH-A0B0-01,0.13283339,0.98255414,0.04920342,-0.5847943,-2.433433,1.1577219,-0.5364291,-0.14951879,-0.2841171,-1.1509082,LumA
TCGA-D8-A1XJ-01,-2.4257374,1.1486967,-0.1484327,0.4867403,1.9812386,1.1191766,-2.4780915,0.6155073,-1.2470624,-0.70674413,Her2
TCGA-E9-A1R4-01,-1.2228419,-0.90964127,0.024844375,1.2884544,-0.16479535,-0.66243553,-0.45077354,0.4510499,-0.17879635,-1.975669,LumB
TCGA-BH-A0BZ-01,-0.96913326,-0.34046698,0.15558496,1.3512986,0.32689118,-0.18175668,-0.9893203,0.12664706,0.48620206,-1.629495,LumB
TCGA-C8-A3M8-01,-0.07071433,-1.1619961,0.4163098,1.3267727,0.013640225,-0.4540297,0.50763774,-1.6658888,-0.63843083,-0.4012773,LumB
TCGA-E9-A24A-01,-0.69626206,-1.3760575,-0.73804784,-2.9563692,-0.4500215,-1.2141176,-1.3975956,-1.4910518,-1.2160845,-1.2482384,LumA
TCGA-D8-A1JB-01,0.33624476,-0.9624189,0.5238063,0.952621,-1.8505304,-0.61756814,1.5881159,1.6482879,0.41722572,-1.7777796,LumA
TCGA-E9-A1N4-01,0.5602791,-0.48246926,-0.84111583,-1.1567531,-2.1694062,-0.43703684,-0.991508,-0.47092277,1.1599038,-1.1777531,LumA
TCGA-C8-A12X-01,1.396705,0.76917845,0.088023275,0.527666,3.00696,0.8410579,-1.3594112,-4.018816,2.7406716,-0.4731503,LumA
TCGA-A7-A13D-01,-1.2079128,0.055545658,0.5246959,-0.08548643,0.0643381,-0.24247429,0.18350627,1.960215,-1.943294,3.4213169,Basal
TCGA-A8-A07W-01,-1.9335538,-1.1694187,-0.4503796,2.0583642,0.5429091,-0.9856266,-1.4101775,-0.9221851,-0.44754535,-1.7794714,LumB
TCGA-AN-A0FN-01,0.5945767,0.55758905,-0.82988185,-0.6658657,-3.5109255,0.50647795,-1.6016598,-0.4221363,0.29418898,-1.0375471,LumA
TCGA-E2-A1L6-01,-0.114710756,-0.50184125,0.32881758,-1.0689789,-1.5420074,-0.20806307,1.6083311,0.33630368,-1.3663536,-1.1919515,LumA
TCGA-GM-A2DA-01,1.262119,1.5706589,0.8853807,0.31193048,-2.3718333,2.02718,0.25334993,-1.1102971,0.579335,-1.4538541,LumA
TCGA-A7-A0CH-01,-0.20443082,-0.92099565,-0.098857515,-3.323615,-0.23963591,-0.65444875,-0.6745359,-1.1503161,-1.7341361,-1.0921382,LumA
TCGA-E9-A2JS-01,-1.3052846,-1.5316658,0.25964537,2.1322324,1.7205329,-0.47040078,0.015868364,-0.59284383,-0.84753394,-0.97655576,LumB
TCGA-E2-A15P-01,-0.21449059,-0.797093,-0.12647599,-1.375103,-1.5665481,-0.643196,0.83955145,0.024507787,-0.61847484,-1.6105274,LumA
TCGA-B6-A0WV-01,-0.8004316,-1.0559872,1.108231,-0.112962864,1.9434114,0.5945749,0.20147115,-1.3905442,-1.5049261,-0.7732653,LumB
TCGA-A8-A07S-01,-0.05338847,-1.0194789,-0.22769746,-2.5416443,-0.28792617,-0.5081556,-0.78042763,-1.8267901,-0.45813766,-1.0825678,LumB
TCGA-GM-A2DD-01,0.6065913,2.5162015,0.0245931,0.06855147,-1.8970733,3.171696,-1.2217042,0.8637925,-0.24612522,-0.89489836,Normal
TCGA-D8-A141-01,-0.5416014,-0.63598174,-1.0600766,-0.67689824,-2.145978,-0.80878663,-1.4610876,0.58480144,0.34874195,-1.5765775,LumA
TCGA-AO-A128-01,2.4989548,0.25557184,-0.53074455,1.918536,-0.02438178,-0.20598364,-1.6481417,3.731472,2.3553402,0.14992046,Basal
TCGA-EW-A2FV-01,0.12688081,-0.45377952,0.5876115,1.0392534,-0.8405818,0.23998255,0.7291626,0.76527864,0.13154899,-1.2553996,LumA
TCGA-B6-A0I9-01,-0.3295142,0.09314896,0.40122506,0.25482696,0.5415491,0.34359843,-0.8387272,0.39076087,0.8298613,-1.3472835,Her2
TCGA-E2-A1L9-01,-0.6109939,-0.014854379,-0.11027952,-0.83657336,-0.64986116,0.18826894,-0.8319349,-0.005355172,-0.99109006,-0.4323732,LumA
TCGA-AR-A1AP-01,-0.5769794,-0.33367217,0.14038181,0.077358946,-0.28008816,0.031962354,-0.15696633,0.36752686,-0.4145228,-1.0220227,LumA
TCGA-BH-A0H5-01,1.1511106,-0.63220704,0.24697497,0.7411965,-2.5542786,-0.33407757,0.74727523,1.3335816,1.9187721,-2.4407845,LumA
TCGA-BH-A0E6-01,2.4481704,1.1590741,1.1442116,0.0044780485,-0.017488442,2.8991196,1.7089123,0.4186799,0.5158545,-0.060710784,Basal
TCGA-D8-A1JA-01,-2.3589907,1.7305685,-0.6812851,0.46727553,1.4644402,1.0658755,-3.4407508,0.75298786,-1.3682746,-0.29024825,Her2
TCGA-BH-A0BW-01,1.2582183,0.14859639,-0.58078253,1.3395202,-0.3115753,-0.009645052,-1.6038392,4.4001412,0.70722413,1.2382154,Basal
TCGA-AO-A0JG-01,0.60017073,-1.265759,-0.17166796,0.811209,-1.8009036,-1.1666968,0.7112417,0.20600104,1.090341,-1.4309258,LumA
TCGA-B6-A0WZ-01,-0.62620974,0.96450454,0.6976929,-2.6420105,1.5774324,1.3856053,-1.6346648,-2.3931584,-1.9613174,0.058913313,LumA
TCGA-C8-A135-01,-0.04628981,2.077188,-0.31667656,0.2801444,-1.3970793,2.3324893,-1.7594377,0.74039054,-0.49493334,-0.34070092,Her2
TCGA-BH-A0E2-01,-1.1524161,-0.8397525,0.9440901,0.8355988,1.2322955,0.62215567,0.814632,1.0134662,-1.3282211,-1.6316295,LumA
TCGA-BH-A0BJ-01,0.026517548,-0.45745426,-0.037507087,-1.0699044,-1.5374151,-0.23953936,0.53008944,0.07180495,-0.09081781,-1.4939439,LumA
TCGA-BH-A203-01,-0.53222626,0.73403674,0.31818485,1.1246251,-0.40714175,1.0658073,-0.7937833,0.7894032,0.09767361,-0.89951164,Her2
TCGA-BH-A0C7-01,-0.9220941,-1.2995635,0.22553658,1.3787799,-0.48253536,-0.86840844,0.735095,0.1475389,-0.77226853,-1.8443246,LumB
TCGA-AR-A1AR-01,1.8956846,0.3372485,-0.9881208,0.2159693,-1.6465111,0.47373906,-1.5998873,1.8738927,1.043082,1.4656675,Basal
TCGA-D8-A13Z-01,-1.8664341,0.80914366,-0.11865052,1.0803438,-0.14604314,1.5243939,-1.4704223,2.962621,-1.329626,-0.96457464,Her2
TCGA-A2-A0CU-01,-0.07585516,-1.4141737,0.37631276,1.5158895,-0.6407772,-1.2976599,1.3113885,-1.6384373,-0.8427545,-1.1014582,LumA
TCGA-BH-A0AZ-01,-0.29541045,-0.09462462,0.051059082,-1.0630486,-1.2147281,0.28282547,0.016773159,0.3814387,-1.1314255,-0.9259801,LumA
TCGA-B6-A0IB-01,0.08026833,0.29074913,0.713533,-0.35331237,0.055257432,0.9963523,-0.6981967,-2.3220477,-0.16394539,-0.07778055,LumB
TCGA-A2-A1G1-01,0.8085873,0.92790633,-0.64903516,0.5068633,0.086498335,0.1866185,-1.7800295,2.5257657,0.40760198,1.2560153,Basal
TCGA-B6-A0RS-01,0.099132456,2.407059,-0.091319256,0.010053894,-0.21123338,2.3400137,-2.0022435,0.6825674,0.44362652,-0.44367877,Her2
TCGA-AR-A24H-01,-0.3814502,-0.7641255,-0.03960184,1.3859612,0.5197467,-0.38072577,-0.68430454,-0.54790044,0.6582022,-0.9620737,LumB
TCGA-A8-A099-01,-0.4982443,0.14354645,-1.3988935,-1.924737,-0.72159183,-0.659096,-3.2649171,-2.8967135,1.4068291,-1.3979907,LumA
TCGA-AC-A23H-01,-2.7344835,0.950056,-0.5681844,1.4976568,1.0506531,0.35265368,-3.5943096,-0.15029225,-0.89131737,-0.6118067,Her2
TCGA-A8-A09R-01,-2.099962,-1.7798591,-0.026551925,1.7440602,0.7921365,-1.4039196,-0.04186856,0.16464742,-1.3269187,-1.5282311,LumB
TCGA-BH-A0HU-01,-0.3388746,0.4876392,1.0253079,-0.76942956,0.7691906,1.2412821,-0.5024836,-0.7657243,0.29986718,-1.3552568,LumB
TCGA-D8-A1XC-01,1.0690107,-1.9075286,-0.021882921,-3.08132,2.587054,-1.8662943,0.32691938,-5.6940336,-0.99888015,1.5674376,LumA
TCGA-EW-A1P0-01,0.2438271,-0.84520763,-0.95351803,-0.1956119,0.0010683015,-1.0548555,-1.0513124,-2.0951471,1.2309036,-0.7309324,LumB
TCGA-E2-A15M-01,0.39637494,-0.7561775,-0.8845176,0.8899284,-2.5220425,-0.27820268,-1.3609995,0.726782,0.71586394,-0.79993415,LumA
TCGA-E2-A1II-01,3.6489062,0.42927504,-0.7621271,1.7359556,0.32784027,-0.8121313,-1.0396396,2.8354845,3.3349257,0.51383734,Basal
TCGA-A8-A09B-01,-0.402262,-1.1004972,-0.13811344,-0.3108306,-0.574859,-0.84228647,-0.15544158,-0.82853305,-0.89789414,-1.2237511,LumA
TCGA-A2-A0EV-01,-0.51159585,-0.37992638,-0.26452667,-0.65074724,-0.6235743,-0.37354854,-0.75048304,0.036618654,0.05023977,-1.6586541,LumA
TCGA-A2-A25B-01,-1.4817448,-0.51846385,-0.6099212,0.23279652,0.8552621,-1.0678251,-2.3915672,-0.8836653,0.54416114,-2.3965788,LumB
TCGA-AO-A03R-01,2.670066,1.1168425,1.5629659,0.17859054,-0.56024826,2.1046436,1.8894055,-1.8056525,1.7821618,-1.6233882,Normal
TCGA-A2-A0ER-01,0.50032514,-1.3733648,0.30112702,-0.2730516,-0.14656952,-1.0262933,0.96193194,-2.0066218,0.42214537,-2.046742,LumA
TCGA-BH-A0B8-01,-0.91889155,-1.0721812,0.5366074,1.3299962,0.9038649,-0.16929892,0.3923197,-0.08672973,-0.89446867,-1.473531,LumA
TCGA-BH-A0BA-01,0.30030465,-0.42389023,-0.09574448,0.60972285,-2.7021005,0.13964911,1.1675462,0.50712115,-0.5908896,-1.5044513,LumA
TCGA-A8-A08J-01,-1.7208852,-0.80963725,0.27209657,1.5436612,1.3696401,0.08175806,-0.8950674,0.3094381,-0.48840216,-1.3265456,Her2
TCGA-A8-A0A9-01,-1.0146834,-1.1384846,-0.8204312,-0.16437367,-0.032865208,-1.3597751,-1.4293354,-1.8670368,-0.7556616,-0.82575494,LumA
TCGA-BH-A0BM-01,2.2143178,1.9767318,0.95552486,-0.8889581,-3.173077,2.6159072,1.7812734,-0.9411832,-1.3783023,-0.7923197,LumA
TCGA-A2-A04T-01,2.296336,0.13433857,-0.25069556,0.49445972,0.3031565,-0.3121281,0.6315219,2.7804697,0.98697793,2.6467118,Basal
TCGA-E2-A14R-01,2.628201,2.004604,-0.45361453,-0.09866034,2.075424,2.9041681,-0.62899387,0.36930868,1.98688,1.4871689,Basal
TCGA-AN-A0XW-01,-1.2802435,-0.31441092,0.28629747,-1.0883005,0.39621,-0.31533438,-0.52065325,1.2559912,-0.6310036,-2.1063082,LumA
TCGA-A8-A07J-01,0.32901093,0.28922838,-1.6739429,-0.7622156,-3.9340985,-0.3674162,-1.864675,-1.6642894,-0.36099178,-1.0171188,LumA
TCGA-A2-A0SX-01,0.6973248,-0.6877865,-0.46905088,1.0969987,-1.6813458,0.22130932,-0.65163326,3.5542846,-0.19810344,0.7408843,Basal
TCGA-A7-A26G-01,0.9168194,0.121332526,-1.1658162,-0.10616324,-2.461422,0.47567323,-1.6609826,2.4336941,-0.21757117,0.7415421,Basal
TCGA-BH-A2L8-01,-0.21050683,-0.19170646,0.3277549,-0.22200769,-0.9681303,0.10262608,0.4670262,0.9481809,-0.0009858459,-1.4349722,LumA
TCGA-BH-A0BS-01,0.7440846,-0.23774543,0.5804294,-2.7323072,-0.33709496,0.19657506,-0.084987886,-2.7471385,-0.7177646,-1.0331267,LumA
TCGA-EW-A1P7-01,1.2462941,-0.82414937,-0.4572209,0.6667081,-2.8291683,0.2842273,0.3694263,3.1487958,0.089437515,0.0015750006,Normal
TCGA-AN-A0AJ-01,-0.500742,0.58671826,0.17464125,0.5559347,0.88210076,0.29987502,-1.7725263,-0.039046682,1.3685408,-1.5316696,LumB
TCGA-B6-A0IC-01,1.0754725,-1.7650205,0.01889554,-3.2318811,2.3987613,-1.3571995,-0.13286465,-5.07737,-0.6864344,-0.33043334,LumA
TCGA-BH-A0DO-01,0.950416,-0.04271122,0.44528162,-0.9930483,-2.677595,0.05200623,2.56053,-0.018731698,-1.5604447,-0.977075,LumA
TCGA-E2-A14N-01,3.0186162,1.6912256,-0.5674999,-0.36710554,0.2448198,2.1344354,-0.5061667,0.9878178,1.7291905,1.2756561,Basal
TCGA-GM-A2DF-01,2.4248316,1.0388021,-0.054735444,0.06757208,-0.8303361,2.7356825,-0.1445799,1.0892147,1.4039297,0.44247967,Basal
TCGA-BH-A0BG-01,2.7627847,0.30974734,-0.43655288,0.06976421,-1.0331186,0.57059014,-0.04927991,2.4539614,1.4768025,1.470527,Basal
TCGA-A8-A06Z-01,-0.13568255,-1.3190835,-0.18665361,-0.63745314,2.7922394,-0.525422,-1.0414494,-4.0067773,0.3452224,-0.6436998,LumB
TCGA-AR-A24W-01,0.38660508,-0.70711184,-0.089398526,-0.48631793,-3.1322827,-0.6359587,2.4504108,0.70200074,-2.2061853,-0.42194846,LumA
TCGA-AN-A0AT-01,2.1727023,0.27793443,-0.8183702,0.40441245,1.0517322,0.18100649,-0.070243955,2.4930048,1.2579496,1.9142687,Basal
TCGA-BH-A201-01,-0.65748805,-0.69158083,0.14554709,-0.95341384,-1.5016332,-0.39158705,1.1298894,0.8800932,-2.1277196,-0.38092715,LumA
TCGA-GM-A2DL-01,-0.29508832,0.6707349,-0.92125213,-0.108702235,-1.7804799,0.48424357,-2.0358605,-1.8723093,-0.36444765,0.20087582,LumA
TCGA-D8-A1XS-01,-1.0190536,-1.1219157,-0.509492,-1.069123,-0.1304059,-1.28704,-0.9268499,-0.4914416,-0.35800478,-2.1183646,LumB
TCGA-A1-A0SB-01,3.5485659,2.3521676,-0.01959791,-0.87954736,-1.4660689,1.060699,3.8644137,-0.22143239,-3.2779224,4.5015135,Normal
TCGA-EW-A1P5-01,-0.7720385,-1.1864595,0.19029787,-1.9033414,0.39947444,-0.9238708,-0.3366863,-0.61603135,-0.30993557,-2.482159,LumA
TCGA-BH-A1FN-01,-1.9693891,-0.27771014,0.16270304,-0.3061682,2.2927024,0.37224743,-1.0807456,1.0613927,-2.132257,0.16452503,LumB
TCGA-A1-A0SJ-01,-0.35807586,-0.72231054,0.7978608,1.1818987,-0.43113065,0.0037443712,1.2174609,0.059453502,-0.57781017,-1.9434545,LumA
TCGA-BH-A18I-01,-0.66053694,-0.9337349,-0.6438341,-0.9543922,-1.5213403,-0.9361727,-0.5582105,0.44745493,-0.42630392,-1.3168192,LumA
TCGA-AN-A0FY-01,-1.0407523,-1.0058578,0.23560354,0.6485551,0.3967271,-0.87147486,-0.1950768,-0.7476158,-1.1640425,0.35186926,LumB
TCGA-D8-A27V-01,-0.050172023,-0.5471797,-0.30587158,-0.80961007,-1.5906073,-0.39068973,0.4365867,0.37978193,-1.0172552,-0.36308005,LumA
TCGA-AO-A03U-01,0.80657893,1.114188,-0.7772428,-0.9069467,-1.430745,1.3494507,-1.3564817,1.2596871,-0.5573913,0.86415213,Normal
TCGA-E2-A14Y-01,-0.22071204,2.4697118,-0.8695835,0.30720052,3.4637256,2.479599,-1.8305222,2.0233605,-0.32331592,1.4861221,Basal
TCGA-A8-A06Y-01,-0.18303624,-0.026747905,1.0085155,-1.0553654,2.6940837,1.2400601,-0.51438856,-1.6979231,-0.3904717,-0.7543728,LumA
TCGA-AN-A041-01,-1.2215072,-1.1129868,-0.09264379,0.87148154,0.45872903,-0.7265439,-0.56654286,-0.6015156,-0.6395713,-1.7013701,LumA
TCGA-E9-A1R2-01,-0.7519926,-1.0494888,0.47628823,1.0934285,-0.087301314,-0.54793847,0.8696989,0.08436198,-0.9028648,-1.5752908,LumA
TCGA-BH-A0B2-01,-0.14474511,-0.18388292,-0.15323043,-0.1837525,-1.7546021,0.25338173,-0.03473322,0.90838486,-0.20827806,-1.2089982,LumA
TCGA-A7-A0CJ-01,-0.36457217,0.030160889,0.5218131,-1.1008002,1.7045445,0.3237739,-0.8125188,-0.5910939,0.2620026,-1.7200627,LumB
TCGA-BH-A0H0-01,1.4630945,-1.2472869,-0.13279319,0.67234707,-0.47105467,-1.1936643,0.87786037,-3.0037882,1.5015309,-1.9368612,LumB
TCGA-AN-A0FW-01,0.37317133,-0.47788286,1.0543963,1.6663247,-0.44935167,0.6231699,0.68002486,-1.1687753,0.33920336,-1.2235644,LumA
TCGA-E2-A1B0-01,-0.54255676,1.2772411,-0.74715126,0.43794084,-1.093868,1.285728,-2.4167237,1.9963607,-0.5908154,0.17961451,Her2
TCGA-E2-A156-01,-0.03899964,-2.155757,-0.3617169,-3.4241912,2.3496392,-1.81326,-1.0441056,-5.1657863,-1.8541316,0.094813205,LumA
TCGA-D8-A1JP-01,-1.1420867,-0.5312777,-0.07853957,-0.516186,-0.3631541,-0.15807225,-0.5993637,0.6816297,-1.303064,-0.6573854,LumA
TCGA-C8-A12K-01,2.6239836,0.26853377,-0.58619255,0.587336,0.1710561,0.0361663,-0.41589358,2.9520288,2.0756705,0.64512455,Basal
TCGA-AR-A2LE-01,0.24915704,-0.7689042,-0.6381715,-1.5346675,-1.0524427,-0.86390615,-0.75211924,-1.9564487,0.62291443,-1.5181127,LumA
TCGA-BH-A0HK-01,0.05235781,0.8240471,0.42416966,0.5323946,-0.95490044,1.332355,-0.2885085,0.10667946,0.29411703,-1.2990936,LumA
TCGA-AR-A250-01,-1.7614218,-0.62307,-0.46408838,0.7245375,-0.00034099817,-0.8290814,-1.460327,0.2526176,-0.4117987,-1.942488,LumB
TCGA-D8-A1JG-01,-1.9937564,1.9263244,-0.74124545,1.9852557,0.009623103,0.7054434,-4.279821,2.2840662,0.32769272,-1.3426787,Her2
TCGA-C8-A134-01,1.573797,-0.05514431,-0.12661046,0.4891148,-0.2523017,0.81392,0.43032104,2.4302428,0.26522338,0.8073068,Basal
TCGA-AN-A0FX-01,0.2713171,-0.18110159,0.24302986,0.13612622,-1.4386579,0.08249329,1.664432,2.9455857,-1.648187,2.0298603,Basal
TCGA-A8-A0AB-01,-0.57289463,-1.25475,-0.042089917,-1.0609226,-0.05266165,-0.8614509,-0.051321823,-0.8808983,-1.3589312,-1.3992865,LumA
TCGA-C8-A275-01,-1.4537092,1.3044118,-0.1536819,1.8119047,-0.039947793,0.6602198,-2.8767202,1.9458233,0.8889804,-1.6974105,Her2
TCGA-BH-A1F8-01,-1.3482472,-0.50619215,0.12659462,0.31137133,1.412198,-0.07605499,-1.2073647,-0.18654037,-0.20093034,-1.5422997,LumB
TCGA-D8-A1JK-01,-0.9967536,2.6733449,-0.6072948,0.15540922,0.5540319,1.7301614,-3.3586793,1.9488614,-0.18114962,-0.35977465,Basal
TCGA-A2-A0YJ-01,0.7759853,2.4982395,-2.147767,-0.19430429,4.236742,3.1263628,-1.6202223,2.133651,-0.72919416,5.6556063,Basal
TCGA-A8-A08X-01,-0.58137697,3.13115,-0.7665149,0.486305,0.98664474,1.3083767,-4.1734424,1.2869353,0.62961364,-0.05862064,Her2
TCGA-AR-A2LN-01,0.2803574,-0.58229506,-0.8493288,-0.62855804,-4.4535203,-0.42382756,1.0817665,1.1501971,-1.871085,-1.0206729,LumA
TCGA-E9-A1R6-01,-1.4566414,-1.8577136,-0.35812724,0.1970554,2.1301844,-1.5097055,-0.8457573,-2.2423575,-0.8993387,-1.981326,LumA
TCGA-AO-A0J4-01,1.9130313,-0.34527755,-0.5459071,0.6370909,-0.83289665,-0.2660246,-0.11592134,4.0227475,0.4588038,2.1481278,Basal
TCGA-A8-A09A-01,-0.75218636,-0.92294514,0.09464662,1.1452788,-0.53297234,-0.66165304,0.30945408,0.43220928,-0.8493277,-1.2721485,LumA
TCGA-A8-A08O-01,-1.0105075,-1.288241,0.25682518,-0.15500021,-0.27828893,-1.0290028,1.0324137,-0.06426074,-1.3663688,-1.9739065,LumA
TCGA-A2-A0SY-01,0.4330343,-0.2444295,-0.56281257,-0.047275305,-2.2840936,-0.27217475,-0.52953804,-0.0020974874,0.38159877,-1.1409168,LumA
TCGA-EW-A1PA-01,-0.054195397,-1.1376566,0.5086772,1.7887148,-0.50886214,-0.5945275,1.1308848,0.36159405,0.28982544,-1.9887875,LumA
TCGA-AO-A126-01,0.110007085,0.6706076,0.14454603,-0.43208423,-0.580479,0.77047324,-1.1753677,-1.9393581,0.4457835,-0.1959157,LumA
TCGA-AO-A0J6-01,0.686859,1.507357,-0.9086962,0.6557753,3.2111864,1.470825,-1.1714109,2.7403584,0.38063177,1.6659293,Basal
TCGA-A7-A13G-01,0.4558284,-0.70943695,-0.82919025,-1.3231579,-1.7448736,-1.7076141,0.14104019,-2.5093594,-1.2266598,0.53492475,LumA
TCGA-AR-A1AS-01,-1.7376258,0.65755856,0.31477252,-2.2972636,2.9519103,1.1416957,-2.1443868,-1.6554103,-2.293432,-0.3215163,LumA
TCGA-C8-A1HJ-01,2.1528678,0.6984792,-0.10935918,-0.11740979,0.22828655,1.4763464,1.000916,0.9872329,0.29394838,1.4914286,Basal
TCGA-D8-A1Y1-01,-1.7776988,-1.3737392,-0.6846662,-0.34713808,1.276564,-1.0249351,-2.0254908,-2.260801,-1.8287638,-0.13480033,LumB
TCGA-B6-A0IE-01,1.5015439,1.5001073,1.8665957,0.13141721,-0.37921894,2.510603,1.253197,-1.0033978,0.8224318,-1.5405325,LumA
TCGA-BH-A0DD-01,-1.1869723,-1.0396314,-0.47944987,-0.85241306,0.9135626,-1.535909,-1.4326661,-0.9903537,0.32029155,-3.0394406,LumB
TCGA-A2-A0YT-01,-0.8555786,-0.6188326,0.6107457,1.5545759,0.6728073,0.27758145,-0.29480693,-0.07502652,0.23673809,-1.7366676,LumB
TCGA-A2-A0EN-01,0.6714743,0.4863574,-0.59710264,-0.46514624,-3.2224796,0.52398676,-0.9745035,-0.18161553,0.37682995,-1.2928759,LumA
TCGA-E2-A10C-01,-0.27745485,1.1960338,1.2214125,0.624001,0.08305107,2.0350752,-0.9824759,-0.77787995,1.5556364,-1.5008122,LumB
TCGA-A2-A25F-01,1.788985,-0.77782375,-0.98575854,1.5940224,-3.2779493,-0.12043911,-1.7786642,2.3214054,1.7595508,-0.31146744,Basal
TCGA-A8-A08L-01,-1.7699206,-1.0401601,0.45920345,2.3960626,0.790874,0.1323559,-0.52431786,1.4021878,-0.6061069,-0.5675395,Her2
TCGA-A2-A0D4-01,0.115428135,-0.59047085,1.6391549,1.3023702,0.75795335,0.84779465,1.2152258,-1.6095546,-0.16323471,-1.7808561,LumB
TCGA-EW-A1IW-01,-1.1307352,-0.78999704,0.30308756,0.8332967,-1.106559,-0.08060883,1.0894603,1.503647,-1.4257505,-1.1698884,LumA
TCGA-B6-A0IQ-01,2.0897872,0.535447,-0.0038665384,0.11523017,0.7803694,1.1511757,0.8425071,1.006923,0.8669696,0.6993787,Basal
TCGA-BH-A1EW-01,-0.6875048,-0.9600041,-0.18564996,0.9207343,-1.0042505,-0.74698544,0.00196385,0.570619,-0.21006739,-1.5628947,LumA
TCGA-BH-A1FG-01,0.36741874,0.387223,0.9824113,-1.2500788,0.7812656,0.8638252,-0.03659442,-1.8162922,0.70105445,-1.5360755,LumA
TCGA-AR-A0TS-01,1.4961154,-1.3603818,-0.5389026,1.5028446,-2.3137834,-0.8990123,0.11735738,4.546436,0.5261544,1.5364509,Basal
TCGA-A8-A06X-01,-0.400187,-0.039811663,0.0066927224,0.96063423,1.2192981,-0.0639379,-1.9641573,-1.412976,1.9044465,-1.9151258,LumB
TCGA-D8-A140-01,0.51074326,-1.4948323,-0.4218682,1.0463337,-1.0719163,-1.6765913,-0.15559205,-1.0405859,2.109183,-2.7514484,LumA
TCGA-A2-A0CZ-01,0.87573034,0.41013408,0.08739325,-0.050814085,-2.2284904,0.7766824,0.5985703,0.6080736,-0.58864033,-0.75481886,Normal
TCGA-AN-A0XS-01,0.5609807,0.63596565,-0.07870693,-0.059519447,-2.4109092,0.61696506,-0.68097186,-0.59504676,0.7936481,-1.5709821,LumA
TCGA-A2-A04Q-01,2.4328334,1.1348907,0.19881624,0.29966187,-1.0828036,1.5951375,-0.3194377,1.9135721,1.9043264,-0.43807808,Basal
TCGA-A8-A076-01,-1.5995331,-0.34013307,-0.45732647,1.1505347,-0.10741842,-0.41544688,-1.8881841,-0.1587846,-0.12733416,-1.567066,LumB
TCGA-BH-A0BV-01,-0.6115761,-0.7844562,-0.25203794,-1.5059855,-0.43646276,-0.69789696,-0.7186666,-0.57771367,0.7740568,-2.6934395,LumA
TCGA-E2-A109-01,-1.1037264,-1.4008572,0.31163496,3.2723684,1.3184472,-0.7908462,0.11087034,-0.44164145,0.3989154,-2.742509,LumB
TCGA-BH-A1FL-01,0.14403963,-0.4442891,-0.35791045,-0.36941424,-1.4377139,-0.47305182,-0.19995648,-0.8987302,0.03350298,-1.0056386,LumA
TCGA-E9-A1NI-01,-1.2893944,-0.76303166,0.11917366,-0.76546484,1.3603067,-0.028277338,-1.285367,-1.321743,-1.6402487,-0.14413497,LumB
TCGA-A8-A07R-01,0.029554494,0.5043207,-0.23507479,0.33861718,2.4484248,0.99650276,-0.33021516,3.0869625,-0.66764355,2.763086,Basal
TCGA-AN-A03Y-01,0.14664489,0.5730564,-0.01962617,-0.032743976,0.13970774,0.46952677,-1.4692209,-1.1454102,1.8687743,-1.1379696,LumB
TCGA-BH-A1FH-01,-0.30368456,-1.2913475,-0.22373265,0.3930172,-3.138236,-1.1156018,2.1349716,1.4613744,-1.9175273,-0.7123206,LumA
TCGA-AN-A0XN-01,-1.7574733,0.09686747,-0.8301223,-0.4740346,0.27690864,-0.26861337,-2.312942,-0.50785303,-1.9273362,-0.17069899,LumA
TCGA-A1-A0SK-01,-0.8382228,-1.7737268,2.3596559,0.52855784,2.296844,-2.7814217,3.612594,2.6346664,-1.26442,6.4095426,Basal
TCGA-BH-A0AU-01,-1.0424294,-1.1190983,0.03256885,0.6126549,-0.2885873,-0.9263334,0.25759074,0.28578892,-0.503798,-1.9909214,LumB
TCGA-AR-A1AQ-01,1.9835382,1.6865165,-0.5292202,0.44110593,0.80640787,1.1257584,-1.4519722,2.4359756,1.6553813,0.4306895,Basal
TCGA-GM-A2DB-01,-0.16884637,2.5906107,0.83665305,-0.16131502,0.80899525,2.9994032,-0.79180604,0.87413514,-0.07229331,-1.0844991,Her2
TCGA-E9-A244-01,2.1391146,0.7917095,-0.56280977,-0.59373343,-0.7552556,1.6673112,0.10449266,1.0832431,0.04484409,1.6566558,Basal
TCGA-AN-A04A-01,-1.0738822,-0.57792425,0.76251584,-0.25688046,0.9912183,0.20717978,0.59131384,0.47244936,-1.3432003,-1.5580779,LumA
TCGA-E2-A14O-01,-0.037627317,1.0172977,0.5975096,-0.77993643,1.1947464,1.3445815,-1.881319,-2.5070207,1.2308471,-0.8993652,LumB
TCGA-A7-A0D9-01,-1.7439667,-1.2852019,0.7021327,1.4350444,0.81431484,-0.21291298,0.4595807,0.7975939,-1.7784168,-1.2518218,LumA
TCGA-AO-A0JJ-01,0.94944274,-0.12191418,0.25648952,-0.30804768,-2.795733,0.22148569,1.098503,0.20645323,0.94157994,-2.1768544,LumA
TCGA-E9-A1RE-01,-0.55114985,-1.264116,-0.35218897,2.70383,0.13547261,-1.4554318,-0.5578592,-2.2344704,0.8514111,-2.3056874,LumB
TCGA-AN-A046-01,-0.15978551,0.5947703,-0.72906584,-0.5942449,-1.1816854,0.3179012,-2.1152291,-1.5399169,0.8901106,-0.33853158,LumA
TCGA-AO-A0JF-01,-0.088647164,0.19915368,-1.0271353,-0.6986448,-2.8705068,0.19302717,-1.0551888,-0.34316888,-0.9584701,-0.6953892,LumA
TCGA-A2-A0T0-01,0.2736583,1.6905048,-0.91008127,0.010454826,2.3924906,1.9380933,-1.2225611,1.7069327,-0.4343726,2.3626049,Basal
TCGA-A8-A07P-01,-0.7596287,-0.82283473,-0.189547,0.38125366,0.5108925,-0.82948065,-0.88637197,-1.1603116,0.29439318,-1.9431635,LumA
TCGA-A7-A3J0-01,0.2587963,-2.205994,2.4189086,-1.4807776,0.50422204,-3.8535824,3.6719732,-0.12782064,2.265459,0.9923861,LumA
TCGA-C8-A26Y-01,-2.3053417,0.352318,0.1555426,1.4838712,1.8108276,1.4435827,-1.333541,2.722412,-1.2950273,-0.5657584,Her2
TCGA-A7-A26F-01,-1.0341731,1.466536,-0.7483138,0.7337477,-0.3442468,1.042452,-2.8317115,2.735564,-0.8386265,0.5790457,Basal
TCGA-BH-A1EV-01,-2.3873694,0.30088985,-0.172499,-0.52666724,1.4230309,0.57327783,-2.1940484,0.22507662,-1.842307,-1.0453873,Her2
TCGA-AO-A03V-01,-0.3050043,-0.5710103,0.89966166,0.94063056,-0.27831995,0.30603507,1.1934664,-0.15814239,-0.7425351,-1.5047915,LumA
TCGA-AO-A125-01,1.6974202,1.2104131,0.8938992,-2.872049,3.4572148,1.309711,-0.5401657,-6.058206,-0.7724838,2.4078186,LumA
TCGA-E2-A15E-01,-0.2497684,-0.26783115,0.83645284,-0.863567,-1.2909726,0.034383796,2.217747,0.6426376,-2.706866,-0.5318119,LumA
TCGA-E2-A15D-01,-0.101312526,-0.25600564,-0.6264841,-0.017059885,-1.7318783,-0.4537277,-0.5090404,-0.57450694,-0.5430689,-0.65013266,LumA
TCGA-A7-A13F-01,-0.39536366,-0.87038577,0.9014852,-0.5534087,1.3852817,0.26833564,0.28417134,-1.405113,-0.5805696,-1.7429602,LumB
TCGA-D8-A1J9-01,-2.412975,0.6913508,-0.46454424,0.10820079,0.41517597,0.7247896,-2.3000572,0.9143425,-1.5410584,-1.5124384,LumB
TCGA-AO-A0J9-01,1.5007856,1.5774506,0.7402542,0.025657399,-2.0518858,2.062383,0.056604363,-1.3249879,0.31711146,-0.6648073,LumA
TCGA-C8-A12M-01,1.6367887,-1.3854532,-0.36895624,3.3513958,2.421692,-0.88228977,-0.02929312,-3.0633297,3.7379184,-2.726274,LumB
TCGA-C8-A26V-01,-1.2158614,-0.12203162,0.030961003,-1.9014645,1.0883783,-0.35280764,-1.2854813,0.10000645,-0.7103852,-2.2043574,LumB
TCGA-BH-A1FM-01,-1.6708755,-1.1199552,-0.026542537,0.11635864,2.4511445,-0.21988744,-1.5542909,-1.8392234,-1.4892035,0.21420622,LumB
TCGA-D8-A1XK-01,1.6523476,0.47263902,-0.72880155,0.63192725,1.5057145,-0.17223719,-0.4440636,2.8654122,1.207151,1.6338084,Basal
TCGA-BH-A0HF-01,-1.0018362,0.0381736,0.41105118,-0.094548024,-0.097333096,1.1819319,0.4223188,1.6666092,-1.4042847,-1.457295,LumA
TCGA-E2-A15S-01,-0.1758818,-1.9236383,0.91570646,2.6345603,1.9520736,-0.9146769,2.1797194,-1.2537539,-0.8435371,-0.6790193,LumB
TCGA-A8-A09T-01,-1.1214044,-0.49270898,-0.13627556,-2.5860534,2.213182,-0.6102325,-1.7044517,-2.3620064,-2.0303802,-0.8382133,LumA
TCGA-D8-A1X9-01,-1.8073632,-1.4048431,-0.76101625,0.99220896,0.5630588,-1.6542449,-1.2763952,-0.8698669,-0.4183336,-2.2893615,LumA
TCGA-A8-A09C-01,-0.35244557,-0.7853648,-0.082512476,-0.4282445,-0.11160703,-0.35602874,-0.7124036,-1.4344877,-0.7171893,-0.29342344,LumB
TCGA-D8-A1XG-01,-1.6096525,-1.9623806,2.6885922,-3.8727458,1.320346,-2.9159982,2.8203394,-1.8540025,-3.9027002,1.8936322,LumA
TCGA-GM-A2DK-01,0.88382107,0.11095914,1.9347256,1.5074116,-0.8068315,1.7344185,1.8121917,-1.2715979,-0.2803467,-1.4521185,LumA
TCGA-BH-A1FC-01,3.0981722,0.63639235,-1.1331728,1.4068539,1.7755761,-0.3295462,-0.8096386,2.4750717,2.6749125,1.2401785,Basal
TCGA-A7-A0DC-01,0.015783057,-1.4657869,-0.29230902,0.7749269,0.42822832,-2.301013,0.9198744,-3.757723,-1.3576297,0.21157077,LumA
TCGA-AC-A23C-01,-1.0733297,-0.82389045,-0.31837204,0.24099341,-0.9816602,-0.4848136,-0.30844575,0.9268206,-0.5320512,-1.438523,LumA
TCGA-D8-A1XM-01,-0.9861088,-1.4466258,-0.84241825,0.29570174,-1.6639243,-1.4646685,-0.23520727,0.50321853,-0.6790323,-1.3644587,LumA
TCGA-BH-A1EU-01,0.49424365,-1.1806903,-1.3248051,0.112056494,-3.709561,-1.2181588,-0.1689482,0.50081986,-0.04460176,-1.3134987,LumA
TCGA-A2-A0YG-01,-1.6562581,0.119709015,0.15588379,0.65356547,1.0878316,0.3588513,-1.1840135,0.7330469,-0.4827182,-1.5625848,LumB
TCGA-B6-A0IG-01,0.025930397,0.5649823,1.3532194,0.0030119345,0.276501,1.4472859,0.39057058,-0.4293639,0.16212182,-1.6819468,LumA
TCGA-A8-A09G-01,-0.30592954,1.0825413,-0.11166168,0.7652398,-0.9445518,0.93532646,-1.9943712,0.33155388,1.2690749,-1.1333927,Her2
TCGA-A2-A0T7-01,-1.5749332,-0.8547255,0.6392592,0.25803298,-0.6910614,0.2088065,1.6046104,2.2081463,-2.3471043,-1.3579466,LumA
TCGA-E2-A10B-01,-1.0679369,-0.9365905,0.051972765,-0.2732831,-0.4203183,-0.81182265,0.2731191,0.34306654,-0.779258,-1.5448024,LumA
TCGA-D8-A1XA-01,-0.78824216,-1.2860893,-0.5541079,-0.6013143,-0.301685,-1.4872658,-0.9152352,-0.99223197,0.117797054,-2.2583566,LumA
TCGA-AR-A1AJ-01,1.1772964,-0.2996167,-0.6010345,1.5195572,-2.1703448,0.9377618,-1.4488192,3.2731616,0.63924074,0.037618026,Basal
TCGA-BH-A0W4-01,-0.7448335,-1.0000569,0.32111153,-0.7901986,-1.0406749,-1.0864302,1.2201072,-0.19221729,-2.3339043,-0.51426375,LumA
TCGA-D8-A1JD-01,-1.6452862,-1.0828242,-0.7774989,-1.1196667,-0.092075884,-1.5538329,-1.371364,-0.11010871,-0.5756453,-2.522851,LumB
TCGA-AR-A1AY-01,0.6774811,0.6192953,-0.39341405,-0.32176372,0.04421206,0.28277665,-0.03250878,2.2495701,-0.9209889,3.0721858,Basal
TCGA-D8-A1XV-01,1.9781064,-0.7763242,-0.32737443,-2.5586243,1.4525995,-0.97072303,0.063537635,-4.9341726,0.7534609,0.22795102,LumA
TCGA-AR-A0TU-01,3.857431,1.3712008,-0.6101644,0.35545537,1.5560088,1.5771575,0.5522651,0.77843475,2.203875,1.9700344,Basal
TCGA-A8-A093-01,-0.49961007,-1.4311739,-0.63924426,-1.3786776,-0.5901717,-1.2451454,-0.8944421,-1.561492,-0.8126128,-1.6069016,LumA
TCGA-D8-A1JN-01,0.4726249,1.7961884,0.18802254,-0.78295743,-0.66649026,1.890368,-2.1357663,-1.9889845,1.0738147,-0.36420006,LumA
TCGA-AC-A2FG-01,1.0856857,-0.05017218,0.22108468,-0.87381184,-3.3053603,0.047768816,2.323973,0.17641757,-1.5128617,-1.0506305,LumA
TCGA-E2-A15R-01,-0.8121365,-2.2908425,0.7938782,1.9041303,1.3083218,-2.0592058,2.2391772,-2.215319,-1.7091527,-1.893293,LumA
TCGA-AR-A24P-01,-1.1829001,-1.1639591,-0.1603905,-1.6529362,-0.8922825,-1.0178273,0.18843938,0.67779404,-1.1049615,-2.0387385,LumA
TCGA-AR-A1AU-01,-0.6038267,-1.1518489,0.60157794,0.9309958,-1.1749325,-1.0391047,1.8966396,0.7145305,-1.8318791,-0.984402,LumA
TCGA-E9-A1NG-01,-1.8378897,0.30639666,-0.89360136,-1.5471271,-0.6115972,0.089230925,-2.608847,0.17690223,-2.5285666,-0.875568,LumA
TCGA-AN-A0FZ-01,-1.0151603,-1.3605479,0.68970925,0.70672756,1.5255954,0.22109318,-0.3050066,-1.7210401,-1.2421491,-0.39374718,LumA
TCGA-AN-A0FL-01,2.5329,2.9637334,-1.1387782,-1.0403935,2.554459,3.9071414,-0.79052705,-1.3974901,0.7912531,3.4950583,Basal
TCGA-A2-A0YD-01,-0.82174397,-0.95238906,-0.98920596,-0.6712094,-2.3845086,-0.9751109,-0.55509144,0.30097628,-1.0376822,-1.4434026,LumA
TCGA-EW-A1J2-01,-0.60580957,-0.9784863,-0.4969319,-1.0482371,-2.5517166,-0.8351846,0.8189133,0.83384246,-1.853494,-0.9283167,LumA
TCGA-C8-A12N-01,-0.92202365,-0.4521501,0.079635546,-2.0409687,0.49066985,-0.2946088,-0.9045121,-0.38190904,-1.7061795,-1.0569407,LumA
TCGA-A2-A0CV-01,0.48473042,0.54821414,0.8069608,-1.908735,-1.6512221,0.75873685,1.4848688,0.7431033,-1.2702315,-1.7076083,LumA
TCGA-A8-A0A1-01,-0.37173688,-0.22680753,-1.5205792,-0.9847119,-2.4318323,-0.6885896,-1.905262,-1.6940906,-0.38545904,-0.97050357,LumA
TCGA-A8-A08Z-01,-1.2871616,-0.7946549,-1.0557996,-0.80426157,-0.8373132,-1.1336439,-1.7194847,-0.42697,-1.1697898,-1.1825092,LumA
TCGA-AR-A2LL-01,-0.1882472,-0.80175155,-0.61976093,-0.3191088,-0.56247586,-1.0948282,-0.86252356,-0.9210363,0.6619917,-1.6862036,LumB
TCGA-BH-A0BC-01,-0.2168028,-0.63400257,0.4139073,-0.66456085,-0.5595218,-0.04587003,0.5163153,-0.113289036,0.23203442,-1.7925339,LumA
TCGA-AR-A0TV-01,0.7374982,-0.1286424,-0.16549149,0.6666719,0.99741364,-0.3678418,-1.5230327,-1.8158827,3.6892896,-2.7485023,LumB
TCGA-E2-A154-01,-1.4099791,-0.54290974,0.1155266,-2.36316,1.8731098,-0.20237362,-1.5666814,-1.7170954,-2.1368191,-1.0383387,LumA
TCGA-AC-A3OD-01,1.1040611,-0.7494986,-0.04396251,0.3791361,-0.9061059,-0.7867495,0.6853723,-0.5602265,1.258054,-0.92839116,LumA
TCGA-AR-A1AX-01,-0.4821052,-1.2318796,-0.37840208,0.7214046,-1.7781065,-0.835299,-0.13115944,2.0526235,0.59295046,-2.1985102,LumA
TCGA-AO-A124-01,1.0792845,0.8542646,-0.75241953,0.11710744,1.7274672,1.3043579,-0.4088374,3.027626,-0.43714327,3.0851269,Basal
TCGA-A8-A09D-01,-1.4353671,-1.2951972,-0.36153212,3.166557,-1.0046456,-0.7715039,-1.1729281,-1.0469462,-0.8756094,-0.52646035,LumA
TCGA-AN-A0XO-01,-1.5434245,-0.057048857,0.35121813,-2.3344004,1.335277,0.7180395,-0.60025173,0.37072513,-3.30751,-0.26937693,LumA
TCGA-A2-A0D1-01,-0.6458522,1.0776126,0.10496854,0.98143053,2.4047444,0.8205936,-1.8532687,-0.93057954,0.35402694,0.23742512,Her2
TCGA-AO-A0J3-01,1.304618,-1.0923731,0.24404252,1.0801661,1.8701327,-0.601668,0.9265571,-3.7479126,1.5349246,-1.0365487,LumB
TCGA-A2-A0ST-01,1.8069994,0.12874396,0.48281166,0.9289375,-1.4774488,0.8302231,0.31666324,2.7531505,1.5811899,-1.4235891,Basal
TCGA-A2-A25A-01,0.13233292,-0.68315166,0.012314796,-0.36229447,-2.4888313,-0.39007244,1.4676863,1.2968023,-0.9847355,-0.7211606,Normal
TCGA-C8-A1HK-01,-1.1692996,1.8027545,0.34327444,1.0349567,1.0189121,1.2027838,-2.1546812,0.11649702,0.6698338,-1.346942,Her2
TCGA-AR-A0TR-01,2.4406145,-0.820825,-0.07945698,-1.1940969,-1.0323954,-0.67813706,0.14169846,-3.9495633,3.738531,-3.419464,LumA
TCGA-E9-A1R3-01,-1.1821281,-0.675814,0.2741379,-2.2704372,-0.15116319,-0.23556426,-0.0288161,0.7001758,-1.7172327,-1.6376215,LumA
TCGA-E2-A1LG-01,0.088531904,0.65043586,-0.68183684,0.98609537,2.4026947,0.74837494,-1.2361624,3.3023558,0.02970196,0.9777584,Basal
TCGA-E2-A1LK-01,0.7238226,2.0661712,-1.5105214,-0.2368246,5.28898,3.8174155,-0.8403774,1.1619108,-0.54017174,5.9050264,Basal
TCGA-B6-A0RT-01,1.3602992,-0.815568,-0.03808306,1.883794,-1.4096484,0.13440374,0.053167082,3.3841527,1.0842977,-0.560209,Basal
TCGA-BH-A0HB-01,-0.4744587,0.20659281,1.2801622,0.5616535,1.4170095,1.433696,0.27679172,0.6365023,0.032796793,-2.1424265,LumA
TCGA-C8-A3M7-01,1.2453489,0.7571824,0.31978703,0.71397865,-3.1622689,1.4746726,1.2250835,0.6248281,-1.0383143,-1.0482702,LumA
TCGA-A2-A25E-01,0.027212247,-1.0388783,0.41811752,0.8495092,-0.016584061,-0.41881418,0.49800813,-0.8084308,0.45779067,-1.7546953,LumB
TCGA-A8-A07C-01,3.2790558,0.5666117,-0.5493432,0.6812203,-0.053523898,-0.69931805,0.2747581,1.844847,1.8154211,2.7437942,Basal
TCGA-E9-A245-01,-0.95698464,-1.9094164,2.490648,-1.3452199,-0.9660366,-3.3579352,4.068469,-0.16889799,-0.93623745,1.2629377,LumA
TCGA-B6-A0X0-01,0.53141075,0.43135518,2.1997812,-3.7328162,1.8922346,1.2611567,0.84991497,-2.0776007,-0.8048016,-1.9137164,LumA
TCGA-AR-A2LM-01,-1.0167309,-1.5205685,-0.6964612,-1.3273307,-2.4310105,-1.5681597,0.6669748,0.7165377,-1.9260824,-1.1096026,LumA
TCGA-A8-A06Q-01,0.07345009,0.7861942,0.52008134,0.06646019,1.4787048,1.3809679,-1.7358571,-1.8976498,1.5876828,-0.9380675,LumB
TCGA-E9-A1R0-01,0.57162064,-0.07937573,-0.044516094,-0.09870749,-2.3891485,0.077638894,0.6208287,-0.63325995,-0.00013406947,-1.4563936,LumA
TCGA-BH-A0DZ-01,-1.1320521,1.9404905,0.13463274,-0.6401206,1.4363811,1.0820676,-2.7833436,-0.30789378,0.22144747,-1.2362036,LumA
TCGA-AN-A0XP-01,-0.8098619,-0.4706744,-0.13273183,-3.328209,0.38744235,-0.13615917,-1.6548524,-1.8920785,-1.1809809,-1.5358722,LumA
TCGA-E2-A1IN-01,-1.2338251,-0.6322294,-0.076118805,-1.1783094,0.48345172,-0.36544597,-0.944032,-0.37202993,-1.7346563,-0.74579746,LumA
TCGA-E2-A1L7-01,-0.53278404,-1.1294938,0.37859747,1.7200953,0.30511528,-0.5716616,0.76363343,0.9855594,0.18747948,-1.1553726,LumB
TCGA-A8-A095-01,-0.43190742,-0.3832574,0.13107668,-1.3242313,-0.773482,-0.020273224,-0.15714592,0.077735834,-0.43918708,-1.6371706,LumB
TCGA-BH-A0EA-01,0.2674247,0.2304997,-0.023912556,-0.9870002,-3.1260405,0.33029538,1.2511923,0.5303398,-2.160986,-0.432698,LumA
TCGA-E2-A15A-01,-1.2534338,-0.8058987,0.08228877,0.9076551,1.1402156,-0.74049807,-0.855355,-0.08222786,0.6726532,-2.9710922,LumB
TCGA-E9-A2JT-01,1.3170972,-0.8933324,-0.70910805,2.174994,-3.5018678,-0.41480553,-1.2037121,1.2837198,2.5893245,-2.0460572,LumA
TCGA-BH-A0HQ-01,-0.62979144,-0.22477904,0.33234987,-1.7146434,-0.515455,0.19350627,0.46113452,0.41838264,-1.593657,-1.3718635,LumA
TCGA-E2-A3DX-01,-0.16065997,-1.2266841,-1.2781347,0.15028873,-3.418955,-0.97338665,-0.52037466,1.0330033,0.05218749,-1.8095648,LumA
TCGA-B6-A0I2-01,3.4957354,3.1624467,-0.9843191,0.7706763,1.6481093,2.152521,-2.32954,1.3065633,3.9629161,0.014919348,Basal
TCGA-EW-A1PF-01,-1.1286882,-1.332761,-0.15491897,0.3035036,-1.1476164,-1.3124813,0.52182657,0.6896161,-0.96610785,-1.780085,LumA
TCGA-A8-A084-01,-2.4453633,1.2106079,-0.06546048,-1.1390603,1.773896,0.90689087,-2.7566082,-0.027417481,-1.6081142,-1.5969899,LumB
TCGA-AR-A252-01,0.83396775,-1.3865355,-0.111072056,1.7257574,-2.3400857,-0.9977479,0.3513067,1.4413549,1.3942318,-1.6509738,LumA
TCGA-AR-A24L-01,-1.8427954,-2.0162122,0.11121529,0.16081664,0.10622653,-1.9262087,0.98907936,-0.07496729,-2.1346004,-2.0794857,LumA
TCGA-AN-A0XR-01,-1.0286355,-0.5805872,0.4896801,-2.5926378,1.996474,-0.023610987,-1.348818,-1.838774,-0.8674059,-1.9096694,LumB
TCGA-BH-A18V-01,1.1245246,0.2503147,-0.5914338,0.86651134,0.0063901767,0.15714434,-1.4620516,4.003387,0.16131479,1.9630921,Basal
TCGA-BH-A0BQ-01,0.10032597,0.5286311,0.7610435,-1.732964,-1.2928556,0.77369535,0.97662973,0.73781216,-0.93954515,-2.0100617,LumA
TCGA-B6-A0WY-01,-0.5591447,-0.13981524,1.407869,-0.64348763,0.05758042,0.70239544,2.024125,1.1431286,-1.6998485,-1.6769093,LumA
TCGA-BH-A0C0-01,-0.8538631,0.1958747,0.52288234,1.4252274,0.9653051,0.62866414,-1.0132746,1.8520675,1.2938374,-2.138734,LumB
TCGA-A8-A09I-01,-1.0668901,0.042474523,0.119091034,0.2573488,0.87970144,-0.0048546866,-1.5597042,-0.0010152683,0.66943264,-1.9819237,LumB
TCGA-D8-A27L-01,-1.8626598,-1.7337604,-0.5975945,-0.15102884,-1.9221609,-1.5129786,0.60082954,1.6354144,-1.7120998,-1.9740974,LumA
TCGA-D8-A1X5-01,-1.7251884,-0.41254497,-0.7811188,0.7113536,0.71693647,-1.0582957,-2.931176,-1.6807028,0.8847437,-2.4028728,LumB
TCGA-C8-A12O-01,-1.3873752,-0.23521022,-0.11962571,-0.4281828,0.41845125,-0.33443075,-0.95979846,0.7900453,-0.40326396,-2.0395985,LumA
TCGA-AO-A0JD-01,-0.83306485,0.4429149,0.5756456,0.09179193,1.71331,1.2285546,-0.30220777,1.6895173,-0.2808955,-1.9041431,LumB
TCGA-A8-A083-01,0.9172229,-0.876515,-0.14516118,-3.091493,0.7791072,-0.5804014,-1.0619925,-4.588701,0.08279858,-0.49263546,LumA
TCGA-A2-A0YI-01,0.17717466,-0.7537227,-0.56820774,-1.0136218,-2.5973027,-0.77652,0.18682125,0.03727997,0.68127286,-2.028124,LumA
TCGA-A2-A0CW-01,-1.1327718,-0.924203,0.7212422,1.6005956,2.174854,0.56844795,-0.3737637,0.33011428,0.11385843,-1.8460474,LumB
TCGA-A8-A092-01,-1.2125921,-0.5768311,0.13399954,0.07377028,1.0455229,0.00063958764,-0.88229924,-0.15463367,-0.39629832,-1.4363364,LumB
TCGA-BH-A18Q-01,0.838883,-0.29768106,0.48226088,0.9103344,-1.898347,0.15029469,2.1711736,2.844342,-1.5477239,1.3627051,Basal
TCGA-AO-A12B-01,2.4172978,0.34265232,0.5949495,-2.6681874,0.84390414,0.45347244,0.087441884,-5.094177,2.3511734,-1.2672653,LumA
TCGA-AN-A0FJ-01,2.238805,0.7555877,-1.1922715,-0.26517007,1.7806226,0.76700604,-0.11242724,0.7042454,0.7993591,3.087115,Basal
TCGA-GI-A2C8-01,-0.8238783,-0.8841593,-1.1145582,0.017596075,-1.1350394,-1.2179004,-1.1489577,-0.70067126,-0.6433836,-0.9179332,LumA
TCGA-AO-A12F-01,2.154498,1.1670902,-0.23908249,-0.63550794,-0.46355224,2.3464656,0.8440707,0.4165637,-0.3483619,1.6880873,Basal
TCGA-BH-A1FD-01,-1.1880068,-0.2204231,-0.62778777,-0.24190912,0.5172775,-0.6703366,-1.9669694,-1.1764462,-0.6070212,-0.5552347,LumB
TCGA-EW-A1P6-01,-0.6631828,-0.36972582,0.31923708,-0.89342964,0.26647633,-0.04453768,-0.28816205,-0.20668253,0.026997464,-2.0203853,LumA
TCGA-E2-A14X-01,2.213729,-0.12711744,-0.36049342,0.5931525,-1.0433693,1.0478698,0.028525377,2.3314023,0.72811544,0.6831504,Basal
TCGA-A8-A09Q-01,-0.16915432,-0.16282675,-0.81401294,1.0803144,-0.68949676,-0.923615,-1.9409076,-1.112821,2.527651,-2.4508135,LumB
TCGA-AC-A2FF-01,0.95956415,-0.8037819,-0.8666367,0.3367445,-3.6924658,-0.47409698,0.31450972,1.233784,-0.3742878,-1.0334277,LumA
TCGA-BH-A0BW-11,0.9692095,-1.2364831,-0.35456067,1.0201526,-3.6000726,0.003844969,1.0207788,3.3057265,-0.041020885,-0.7748267,Normal_TCGA
TCGA-AN-A0AM-01,-1.0932448,0.048879743,0.15080766,0.65254706,1.8531865,0.4635456,-1.0364896,1.2748442,-0.31772667,-0.61870223,LumB
TCGA-D8-A1XD-01,-2.4084392,-2.669075,0.5148215,-0.44751203,1.0651436,-2.478204,1.3284876,-0.096681155,-3.2689288,-2.331826,LumA
TCGA-D8-A27R-01,-0.5274853,-0.9966509,1.0674462,2.205352,0.62976176,0.57890034,0.6159532,0.49062398,-0.16762985,-1.6035631,LumB
TCGA-AQ-A1H2-01,-0.7509363,-1.0752017,-0.053502105,-1.280744,1.4678222,-0.56557167,-1.2421774,-2.2956414,-0.5969002,-0.78375584,LumA
TCGA-AR-A24O-01,0.2738682,-0.75631577,-1.0052745,-0.42798048,-3.4116955,-0.53504145,-0.00037370995,0.842301,-0.9758476,-0.70925355,LumA
TCGA-A8-A0AD-01,-0.63991714,-1.5205348,-1.601151,-1.3858749,-0.98544616,-2.0429811,-1.8566293,-3.2160752,-0.87704015,-0.9734018,LumA
TCGA-A7-A3J1-01,-0.1854809,-1.3888174,-0.816353,0.42806283,-2.8857765,-1.3905845,0.3859049,0.3776371,0.11727609,-1.8870562,LumA
TCGA-D8-A1JH-01,-1.1062397,-1.577665,-0.85441154,-0.39854378,-2.0424356,-1.6079258,0.22605762,0.65839297,-1.4041532,-1.197072,LumA
TCGA-BH-A1FR-01,0.8255158,-1.735345,1.6895545,-1.1055148,-0.2554183,-2.958669,3.442398,-1.9089583,1.4416751,0.021968037,LumA
TCGA-A8-A06U-01,-0.71647996,-0.0023817196,0.5090268,-0.04276646,1.448223,0.44681582,-0.5938501,0.6350421,0.19596355,-1.7652394,LumA
TCGA-BH-A0BT-01,0.20445001,1.1748209,0.793393,-0.8717533,-0.12561372,1.7052613,-0.1391245,-0.2820239,-0.3362762,-0.6671614,LumA
TCGA-E9-A1RI-01,-1.1301184,-1.4722534,-0.42342472,-1.2882067,-0.79432756,-1.418557,-0.013766452,0.14461823,-1.2752544,-1.6877251,LumA
TCGA-AR-A255-01,-0.8105572,-1.0579122,-0.49639207,0.03833675,-1.4314978,-0.8776077,-0.05656369,0.8207077,-0.5471971,-1.1977849,LumA
TCGA-AN-A03X-01,-1.758269,1.0218672,-1.0599878,-0.0067427307,1.1818888,-0.046912804,-4.4097133,-3.9811199,-0.73972106,0.01650796,LumA
TCGA-E2-A14Q-01,0.022297762,-0.14842854,1.1476476,-0.5453378,-0.9062578,0.31835133,2.1487567,0.25796103,-1.0613976,-1.7510595,LumA
TCGA-A2-A0ET-01,1.9393184,-1.3526572,-0.8526346,-0.20091304,-0.07845533,-1.3194665,0.24435055,-3.82448,2.472901,-1.3883626,LumA
TCGA-AO-A12A-01,-0.29051384,-0.39753878,0.4163132,-1.2674257,-1.6376183,-0.04269217,1.3721391,1.0104201,-1.3058883,-1.2724992,LumA
TCGA-D8-A1X7-01,-0.049887545,-1.203897,-1.129837,-1.7971226,-1.5153636,-1.3739771,-0.897166,-1.8123603,0.22963065,-1.3051195,LumB
TCGA-A8-A08B-01,-0.57047904,2.9667246,1.1257757,-0.84447443,4.0413055,2.4023116,-3.266408,-0.42473978,1.1698723,-2.8192804,Her2
TCGA-AN-A0FS-01,0.9446178,-0.13694435,-0.13469842,-0.7746489,-2.7797067,-0.39335012,1.5223086,-0.92595685,-1.7395196,-0.3497771,LumA
TCGA-E9-A226-01,-1.8074671,-0.29719454,0.13901952,-2.7778943,1.9848387,-0.08706431,-1.8201011,-1.3446273,-2.6724117,-1.7047614,LumB
TCGA-E9-A1NF-01,-1.6850947,1.1021208,-0.40054414,-0.8370338,0.14091708,0.8945651,-2.521009,-0.5786254,-1.4181476,-0.25319034,LumB
TCGA-B6-A0RH-01,-0.8841856,1.2523007,0.591027,-0.94720185,1.3137419,1.7708449,-0.8004555,0.3135858,-0.8192744,-0.7559244,Her2
TCGA-BH-A0DL-01,-0.25379255,1.3724016,-0.39002553,1.0642769,1.1313446,1.5086209,-1.7839838,3.617005,0.12466323,-0.39260563,Basal
TCGA-B6-A0RV-01,0.3642472,-0.39075464,0.71392787,-0.2393744,-1.1188172,0.025900248,1.3493822,0.3897227,0.249476,-1.8998654,LumA
TCGA-D8-A27F-01,0.3769405,0.6851821,-0.31058684,-0.2000961,-0.6012973,0.068409644,-0.32839838,4.0205407,-1.4511099,3.9410758,Basal
TCGA-E9-A1RB-01,-0.92572796,0.15905343,0.034763608,-0.7360326,1.1615518,0.48988336,-0.9124165,0.4612394,-1.0814021,-0.5888458,LumB
TCGA-AO-A1KR-01,2.352874,2.8631518,0.5120425,-0.73451,2.4855092,4.415798,0.080483995,-0.8489171,1.1329774,1.7542926,Basal
TCGA-AN-A0AL-01,1.1692386,1.4831822,-0.59430695,0.23266396,-0.5011001,1.5052309,-1.5322657,1.9526299,0.6837157,0.4952047,Basal
TCGA-E2-A1LI-01,2.4943316,0.39097112,-0.56797415,0.27230445,0.21564387,1.0263776,0.27408007,2.6165054,0.8420813,1.980906,Basal
TCGA-E9-A3Q9-01,4.0786676,0.90683633,0.032430157,-1.0789995,-3.1894705,0.5487187,0.85719496,-5.118084,1.6848041,-1.4544303,LumA
TCGA-B6-A0WW-01,-1.1995473,-0.3046517,0.14311557,-0.5983963,1.5726339,0.12546004,-1.4055756,-0.63005465,-0.0892054,-1.6502688,LumB
TCGA-AR-A1AI-01,2.5932581,1.610882,-1.0380279,0.6808586,1.0623748,0.6789026,-1.8315971,2.671246,2.1673186,1.0575683,Basal
TCGA-BH-A18R-01,-0.61995447,-0.89038765,0.35230225,1.6272191,-0.26161802,-0.13375631,0.19915982,1.0992895,-0.12509125,-1.0704194,Her2
TCGA-D8-A1JL-01,0.2487584,-0.18184814,-0.26130852,0.6770871,-0.41335124,0.024110563,-0.4931203,3.4754763,-0.6155623,1.4797848,Basal
TCGA-A7-A0DB-01,0.67978764,0.2710625,-0.65227294,-1.177598,-2.0256886,-0.6064676,-0.11348007,-1.8351369,-1.3842762,0.7616608,LumA
TCGA-EW-A1OW-01,1.893106,1.0051575,-0.657965,-0.36890805,-1.126196,1.4102433,-0.15267797,2.9127076,-0.6553395,2.6489768,Basal
TCGA-B6-A2IU-01,0.49685088,-0.6235463,0.70732456,-1.1795818,-0.4403808,0.030473232,0.9479359,-1.444073,-0.6447538,-1.2662873,LumA
TCGA-C8-A137-01,-1.8677421,2.3873255,-0.3314621,-0.06763225,2.3244894,1.7066246,-3.6318681,-0.4673251,-0.8786125,-0.2999435,Her2
TCGA-BH-A18H-01,0.7328056,-0.16507071,0.25316393,-0.28633332,-0.31760293,-0.19241455,-0.5998793,-0.7080319,2.7730112,-2.6739223,LumA
TCGA-A8-A08R-01,2.0757928,-0.055218875,-0.8019599,0.71324015,-0.5657655,0.18624383,-0.83341664,3.3764083,0.79654276,1.8360742,Basal
TCGA-BH-A0C1-01,-1.0601327,-0.1997171,-0.3919945,-0.3843998,-0.5918053,-0.23622692,-0.9697753,0.38062665,-0.47168472,-1.5996711,LumA
TCGA-BH-A202-01,-1.1337842,0.60062593,-0.052288674,0.15333003,0.60161287,0.10867179,-1.7136137,0.98676556,-0.33329445,-1.0926386,LumB
TCGA-C8-A12V-01,2.8026083,-0.057367533,0.03023519,0.7777151,-1.5950444,0.458416,0.035644017,2.834681,2.2809699,-0.40782323,Basal
TCGA-A7-A26E-01,0.2365551,-0.67833275,-0.86490273,-1.0458277,-1.7128658,-1.4048554,-0.012839459,-1.7888947,-1.3119674,0.2715098,LumA
TCGA-AO-A03N-01,-1.2444842,2.0865462,0.7068344,-1.6369152,2.6825583,2.829142,-2.7012277,-1.9918698,-1.1569803,0.17422584,LumB
TCGA-BH-A0HO-01,0.8679372,-0.5409569,-0.6053233,-2.0032623,-1.5345199,-0.6767583,-0.4973565,-2.6614938,0.81379676,-1.2187895,LumA
TCGA-AR-A1AN-01,0.19002652,0.38966256,-0.7871616,-0.30808738,-2.3922877,0.31459042,-1.4981244,-1.4904555,-0.056718297,-0.4701162,LumA
TCGA-A8-A09X-01,-0.8629549,3.0051036,-0.7690191,1.0574185,-0.71440953,1.479866,-4.8515263,0.30529743,1.781339,-1.1876135,Her2
TCGA-AR-A254-01,-0.7207491,-0.3753835,-0.34538653,0.78813815,-0.54626,-0.5188073,-1.287726,0.82531434,0.3234906,-1.0356256,Her2
TCGA-D8-A27E-01,1.9384843,-1.1519481,-0.09577941,-1.8279443,-0.68471766,-1.9982431,1.4044734,-3.9821837,1.3267082,-0.59388584,LumA
TCGA-AC-A3HN-01,0.13282606,-0.5868423,-0.9027078,-0.59332657,-3.2500925,-0.68866634,-0.07448059,0.57942617,-0.6406002,-1.1145338,LumA
TCGA-A1-A0SF-01,0.4206205,0.28641206,1.090605,0.06270565,-1.2344488,0.71169186,1.5801989,0.19685146,-0.19029917,-1.9822289,LumA
TCGA-EW-A1J5-01,-0.38079298,-1.2992463,-0.2243923,-0.06092088,-1.284264,-1.0368686,0.19975801,0.3169575,0.5544826,-2.0507047,LumA
TCGA-D8-A27T-01,-0.14392316,-0.6506276,-1.4403749,-0.43525591,-2.8574438,-1.129748,-1.7013483,-0.4455855,0.35514736,-1.566175,LumA
TCGA-B6-A1KN-01,-0.83174586,-0.3969422,0.35676482,0.6345973,0.24315552,0.40829918,-0.055873863,0.68975866,-0.50331306,-1.3226919,LumB
TCGA-D8-A1JC-01,-2.39884,-1.3670505,0.32487458,0.9396554,0.6094422,-0.4766325,-0.047512017,1.7996335,-1.5319352,-2.4656858,LumB
TCGA-AC-A23E-01,-1.5111854,-0.41499573,-0.59736586,-1.7947845,-0.069593176,-0.50925446,-1.7102052,-0.52049845,-2.2487023,-1.3099289,LumA
TCGA-EW-A1OZ-01,-0.959272,0.14271785,-0.530281,0.8595105,-0.065778404,-0.27507204,-1.996993,-1.0679392,0.5223546,-1.0351096,LumB
TCGA-A8-A09W-01,-0.9537301,1.0419091,-1.0133702,0.2567553,-0.7341884,0.1089499,-3.4760916,-1.6851367,1.3606616,-1.2904465,LumB
TCGA-B6-A0IM-01,-1.0393046,-1.7103664,-0.72153157,0.9284266,0.32127726,-1.7720089,-0.98463386,-2.3145623,-0.96042395,-0.71818525,LumA
TCGA-E2-A1IG-01,-1.5631478,-1.4364982,0.6342967,-0.16983044,1.2393239,-0.6704291,0.27424812,-0.14497852,-2.1359594,-0.81188184,LumA
TCGA-BH-A1F0-01,1.4789674,-0.45498896,-0.8419066,0.8385596,-2.8175507,0.86967564,-0.94016254,2.7417676,0.4670909,-0.0014176443,Basal
TCGA-EW-A1PD-01,-0.6227514,-1.2723751,-0.42952925,0.81877345,-0.9528063,-1.3587475,0.31990388,-0.96184325,-1.3336748,-0.25092247,LumA
TCGA-D8-A1J8-01,-1.5770746,0.9956873,0.0372714,-0.10377557,1.173052,0.31980887,-1.8713827,0.93332607,-0.16200837,-1.7834028,LumB
TCGA-AR-A24N-01,-0.83378077,-0.69701976,-0.6927059,-1.326333,-0.5667763,-0.9427613,-1.3647852,-0.42283028,0.07819798,-1.6950145,LumB
TCGA-A2-A0EQ-01,0.95485073,0.42537838,0.36292246,2.1071322,0.21853302,0.16911165,-1.489204,0.3229419,2.8199086,-1.6323619,Her2
TCGA-C8-A131-01,-0.7477281,3.828326,-0.77024806,-0.32128233,0.9648334,3.3429122,-3.2436728,1.2406126,-0.6683924,0.2782838,Basal
TCGA-AR-A24M-01,-0.69470775,-0.84340876,-0.0068041086,-2.7842174,-0.84559995,-0.5557318,0.14450206,0.21366116,-1.7192656,-1.6429275,LumA
TCGA-BH-A1FJ-01,-0.46621382,-1.6518878,0.07796199,-2.4768598,0.6722744,-0.8554301,-0.47548175,-1.8055596,-1.0869467,-1.6583894,LumB
TCGA-AR-A1AK-01,-0.6118863,-1.2461528,0.32676315,0.31223127,-1.6351763,-1.1023932,1.6223797,1.1746205,-0.8149197,-1.7441776,LumA
TCGA-E2-A1IF-01,0.8060179,1.270706,1.1799513,-0.96247244,-1.2941065,2.0936422,1.2848003,-0.049797453,-1.2071967,-1.0921205,LumA
TCGA-E2-A1L8-01,0.21638554,0.5935216,-0.21139574,-1.0779793,-2.0609443,0.44849977,-1.1087655,-1.310767,0.25079402,-0.8537653,LumA
TCGA-AO-A0JE-01,-1.6415011,1.2696528,-0.37072966,-0.021803245,-0.083702914,1.0574911,-2.2609947,1.6810822,-0.3995961,-1.5769385,Her2
TCGA-E2-A158-01,2.9297078,0.37862402,-0.9427105,0.37939185,2.3213902,0.9558394,1.4247766,0.4471369,0.8276576,2.9648635,Basal
TCGA-D8-A27I-01,0.066344194,-1.2251625,-0.5965879,0.5893511,-3.1553092,-1.0267227,0.8953696,1.1871036,-0.7867032,-1.1171458,LumA
TCGA-BH-A0H3-01,-0.22219363,-0.65814114,-0.4815222,-0.88675535,-1.9835528,-0.4469222,0.18922639,0.899313,-0.7198558,-0.8935466,LumA
TCGA-AR-A0TX-01,-0.9385488,-0.021088563,-0.5377807,2.144634,-1.8542125,0.19586003,-1.9622024,0.9768027,0.77121675,-1.7264502,Her2
TCGA-A8-A07L-01,-1.5206668,-1.5385932,0.049020015,1.7806668,1.7683184,-0.6360551,-0.553434,-1.1939768,-0.8833277,-1.1274959,LumB
TCGA-A2-A0SV-01,-0.92206407,-0.008321442,0.095361054,-0.11704605,0.64601266,0.2442013,-1.3875936,-0.6063043,-0.12573117,-0.42832512,LumB
TCGA-E9-A1RD-01,-0.24660227,-1.2952497,-0.33262417,-3.0627382,-0.5076289,-0.9444144,-0.7326513,-1.2241269,-1.0594373,-1.4145306,LumA
TCGA-A2-A04U-01,2.803294,0.9983005,-0.300913,-0.35423198,2.8729877,2.4227786,1.6240898,0.02949211,0.642926,3.1339133,Basal
TCGA-AN-A0FT-01,-0.39023986,1.341542,0.4346007,0.28812534,0.42866695,1.9542933,-2.24977,-2.859687,0.791782,0.512408,LumA
TCGA-A7-A26J-01,-0.3906496,-1.1419876,-0.33232278,-0.43338746,-0.56530535,-1.1717641,-0.19034664,-0.65333253,-0.44313052,-0.90891385,LumA
TCGA-E9-A1NE-01,-0.0122748315,-1.4690082,-0.05992853,1.3223113,-1.8612033,-1.160728,0.58631855,1.5454036,0.39921963,-1.7581582,LumA
TCGA-AO-A0JM-01,-0.98911417,0.65920943,-0.42856413,-0.047063373,-0.29666334,0.3579721,-2.5682657,-1.1666414,0.55098534,-1.0269309,LumB
TCGA-E2-A1B4-01,0.7696888,0.81173646,1.4212265,-3.2735398,-0.22472636,1.086751,0.81413555,-2.3700476,-2.1617265,-0.6287097,LumA
TCGA-BH-A0BR-01,-1.0860817,0.7093504,-0.39331758,-0.91050947,-0.956364,1.1151147,-1.8159931,0.61392254,-1.3939322,-0.7339114,LumA
TCGA-BH-A0H9-01,-0.49084944,-0.43493348,0.99722797,0.6942022,0.2899137,0.82882655,0.52135605,-0.099709876,-0.6421664,-1.5676401,LumA
TCGA-B6-A0IJ-01,2.6372528,1.5571871,-0.33717498,0.45444474,0.9273131,1.1728486,-0.7304724,2.5672705,2.2528198,0.13437569,Basal
TCGA-AC-A2QH-01,-0.47357935,2.2498558,-0.60355955,-0.49577093,0.6456958,-1.6126804,2.6196723,-3.8306963,-2.8230228,9.670467,Basal
TCGA-A2-A1FW-01,0.3099036,-1.3806028,0.093403935,2.1601188,-0.58408415,-1.2067986,0.8158531,-0.99494433,0.6419909,-1.5884992,LumB
TCGA-E9-A243-01,1.4313543,0.8437762,-0.9197375,1.2390049,-1.515781,0.9043138,-2.1933105,3.0202432,1.3152477,0.1552639,Basal
TCGA-A2-A0EO-01,0.5666042,0.2744438,0.16864711,-1.1035029,-1.3638756,0.5557246,0.30522135,0.2193577,-0.29418784,-0.9510675,LumA
TCGA-AN-A049-01,-0.24591419,-0.55553335,0.32654676,-0.115245335,-0.3915223,0.00055176765,0.062283397,-0.38003856,0.12578046,-1.4608303,LumA
TCGA-A2-A04V-01,0.06095609,0.050485104,-0.5535558,0.037063416,-0.8023755,-0.022459075,-1.3681049,-2.5114944,0.28019774,-0.12451105,LumA
TCGA-E2-A14T-01,0.03761591,-1.0755678,1.692379,2.3187613,0.99496996,0.7853638,1.7264651,-0.9812653,-0.36479884,-1.0988578,LumA
TCGA-E2-A1LL-01,-0.82896835,0.9209083,0.22637159,-0.24010745,1.2718462,1.9561642,-0.35318595,2.183897,-1.6219944,-0.018526778,Basal
TCGA-EW-A1P4-01,0.48583013,0.44989926,-0.38253298,0.9175199,0.7748812,0.023287095,-1.1905091,3.6452703,0.16063383,1.1940296,Basal
TCGA-A2-A0T4-01,-0.3880684,-0.58035636,-0.013454132,1.0114876,-1.0696372,-0.25811747,-0.012734111,-0.017700955,-0.32475823,-0.9155999,LumA
TCGA-BH-A0W3-01,0.6767161,-1.791195,-0.47572905,-2.792854,-0.48307472,-1.2477635,-0.4278674,-3.799101,-0.37696663,-1.1090957,LumB
TCGA-A8-A08G-01,-1.091765,-1.1989315,0.2471934,0.92604095,0.37389785,-0.64411414,0.2216611,-0.06848758,-0.894812,-0.9058051,LumB
TCGA-EW-A1IX-01,-0.7110259,-1.2260078,-1.3351476,-1.2442571,-2.6660805,-1.5058662,-0.6714957,-0.24505398,-1.4142504,-1.5597444,LumA
TCGA-A1-A0SH-01,-1.1940279,-0.38198388,-0.66934735,-2.1176171,-0.97864616,-0.24615395,-1.2050169,0.6743323,-2.5323899,-0.9682658,LumA
TCGA-C8-A1HG-01,0.65570015,-0.5785698,0.83430195,1.9151078,1.7585682,0.27811694,0.22499156,0.26051185,2.1188061,-1.8373525,LumB
TCGA-E2-A10E-01,-0.24712643,-0.6426589,-0.17121696,-0.8901811,-0.8031045,-0.42938927,-0.23563752,-0.38235682,-0.2845761,-0.91847634,LumA
TCGA-D8-A27N-01,-0.69259274,0.24994867,-0.5611502,0.11743626,-1.1068921,0.123976976,-1.8438287,-0.24468508,0.10881068,-0.74060506,LumB
TCGA-A2-A0CS-01,-0.42425805,0.10225563,-0.027886644,-2.455106,0.2928471,0.27853763,-1.6881998,-2.460572,-1.5662977,0.118897445,LumA
TCGA-A1-A0SG-01,-0.50640535,-0.46313477,0.13392659,-0.3448508,-0.47522342,-0.20106259,0.065628104,-0.14299288,-0.3841923,-1.5063277,LumA
TCGA-E9-A22A-01,-1.0825819,-0.37736624,-0.15514192,0.56272787,-0.025674779,-0.27660006,-1.0703675,0.24915373,-0.16636279,-0.8703161,LumB
TCGA-E2-A1BD-01,0.10930537,0.20228668,0.8293979,-1.6939037,0.14468582,0.68604255,0.24783051,-0.6596054,-1.1973195,-0.8427511,LumA
TCGA-E2-A14Z-01,0.5066419,0.5429111,0.4124127,-0.2932096,-0.85468614,0.84949064,-0.26947707,0.35530606,0.6067507,-0.9448833,LumA
TCGA-A2-A1G4-01,0.3637142,-1.1658764,-0.14725521,0.433086,-0.30855042,-1.1250026,0.27676743,-1.4165752,1.033935,-1.970874,LumB
TCGA-E9-A1RF-01,-0.50438124,-0.08763533,0.0105005875,0.027772155,0.18602283,-0.09191051,-1.0448717,-0.25951847,0.45605928,-0.9615304,LumA
TCGA-D8-A1XQ-01,1.7124783,0.69341916,-0.68511933,0.23291117,0.22627948,0.7191688,-1.1405661,1.9890949,1.0756602,1.0115212,Basal
TCGA-AR-A1AH-01,1.1512649,1.0619385,-0.43768483,-0.40322566,1.0207644,1.7806818,-0.07885062,0.6112848,-0.15812804,2.119096,Basal
TCGA-A2-A0YC-01,-0.36314154,-0.92420685,-1.0602428,-1.1631303,-1.8049642,-1.2085879,-1.1342192,-1.4194531,0.13087516,-1.6491328,LumA
TCGA-BH-A1EN-01,-1.0211428,2.9598496,-1.4932077,0.18012834,0.33037972,1.102456,-4.878736,-2.8880215,-0.348823,2.1873734,Her2
TCGA-BH-A0EB-01,-0.100825004,0.010997921,-0.031079397,-2.4505908,-0.68476003,-0.030256502,-0.78342146,-0.525819,0.65969515,-2.077981,LumA
TCGA-D8-A27P-01,-0.4129392,-1.0907025,0.50329274,-3.2048914,-1.4435033,-1.1410626,1.7477461,-0.09731645,-2.5726738,-1.2269958,LumA
TCGA-A8-A0A6-01,0.42557824,-0.10369788,0.6878458,-0.032074057,-1.2363333,0.18273173,0.8264675,0.98269016,0.6638609,-1.9673032,LumA
TCGA-E2-A15J-01,-0.19429505,-0.6065572,-0.7594652,-2.5475912,1.3265754,-0.95966196,-1.937301,-3.4709632,-1.2355571,0.6198885,LumA
TCGA-AR-A1AV-01,-0.89026153,-1.3125336,-1.0127938,-0.5961861,-0.1832996,-1.3394613,-1.7037448,-2.465274,-1.193592,-0.6511945,LumA
TCGA-A1-A0SQ-01,1.0192556,-1.0224987,0.65770113,-0.3410541,0.13511956,-0.5044795,1.2133392,-2.264906,1.3625307,-2.1273916,LumA
TCGA-AQ-A04J-01,0.87926334,-0.55554867,-0.21857798,0.7321124,-1.895746,0.7517216,0.59160835,3.2525747,-0.59704316,0.36851466,Basal
TCGA-A7-A26H-01,-0.7689289,-0.94738805,-0.7563095,-0.42003116,-1.2523636,-0.96802557,-0.85995466,0.09803319,-0.56060135,-1.2582456,LumA
TCGA-A8-A08H-01,1.0971334,0.11612822,-0.79241586,-0.102459855,-2.7598605,0.55680823,-0.90204084,1.2122931,-0.12599654,0.065968536,Normal
TCGA-AR-A24S-01,-0.23060828,-0.8806796,-1.1430752,0.36925596,-2.0437257,-0.7537278,-1.70128,0.19348207,0.48331177,-0.78922707,LumB
TCGA-E2-A15K-01,-0.027513005,0.42307323,-0.18694165,-1.1102266,-1.2561101,0.29668367,-1.4005023,-1.0557077,1.9123789,-2.303228,LumB
TCGA-AO-A12G-01,0.37871203,0.7577408,0.64146125,-0.6108663,-0.28451732,0.99740493,-0.32121897,-0.9128034,0.53746927,-1.1505108,LumA
TCGA-BH-A0HA-01,0.32568055,0.5675948,1.1361855,-0.4008338,-0.58749294,1.2002672,0.6348923,-0.6234627,-0.065834366,-1.5153266,LumA
TCGA-E2-A153-01,-1.3143823,0.05966577,-0.56633645,-1.9451957,0.3896864,-0.14933695,-2.0216043,-1.1969006,-2.8479428,0.22638303,LumA
TCGA-D8-A1JJ-01,-2.2727404,-0.186701,-0.4067776,0.2947567,0.6075076,-0.1113144,-2.136883,0.025065295,-1.296834,-1.041053,LumB
TCGA-C8-A12T-01,-1.5890414,-0.020911023,0.029293414,-0.32968864,1.5021458,0.013063863,-1.3168995,0.013225704,-0.99481726,-1.2016392,Her2
TCGA-A8-A079-01,-0.25531605,-0.67534506,0.17750159,0.5953613,1.2367667,-0.3219564,-0.603423,-1.3531115,1.0826238,-2.2145414,LumB
TCGA-BH-A204-01,-0.8488104,-2.8151293,-0.5212679,2.4642897,2.4067156,-1.932868,0.012130948,-4.4683537,-1.1187414,0.0869718,LumB
TCGA-BH-A0B4-01,-0.20115712,-0.043077953,0.60913754,0.15309447,0.54080683,0.49017006,-0.28005922,-0.7642388,0.55165863,-1.3657815,LumA
TCGA-GM-A2DM-01,1.1041331,-1.1696792,-0.122326635,-2.3135383,1.6695522,-1.0820948,-0.15808882,-3.54846,-0.124969065,0.7719898,LumA
TCGA-D8-A1XL-01,0.67753017,1.0814604,0.82862717,0.069109336,0.8031544,1.1297299,-1.007278,-0.55321276,2.4719,-1.8000722,LumB
TCGA-D8-A27H-01,-0.2752975,0.44132096,-0.06433488,-0.57428926,-1.1992623,-0.39631122,-0.15134165,3.444023,-1.9460925,3.936132,Basal
TCGA-BH-A18J-01,-1.7481219,0.06986889,0.002794318,-0.98579013,1.4409374,0.5765201,-1.3476447,0.32125998,-1.8836215,-0.60384536,LumA
TCGA-AR-A0TZ-01,-1.2662239,-2.0688968,-0.4349904,0.5282021,0.74659806,-2.0201216,-0.27583426,-1.7618319,-1.3514063,-1.8435053,LumA
TCGA-AO-A0J7-01,-0.11270488,-0.5948563,1.1166227,-0.9574392,1.5586509,0.504858,0.4232199,-1.4106697,-0.124876425,-1.4853259,LumB
TCGA-D8-A1XY-01,-1.2842069,-0.74803716,-0.6695617,-1.1211693,-0.43972552,-0.814327,-1.4238979,-0.63041466,-2.0621438,-0.8993238,LumA
TCGA-A2-A0YH-01,-1.5048145,-0.72052395,-0.11597798,0.60476047,0.43560916,-0.9166887,-0.9648043,0.817255,0.43692052,-2.9110155,LumB
TCGA-D8-A13Y-01,-2.6726441,-2.692631,2.3074965,0.8204541,3.2089386,-1.8773732,1.5487266,-0.3843797,-3.711866,4.3231483,LumB
TCGA-E2-A10A-01,-0.83679366,-1.4582028,-0.20526657,-0.60529476,0.35820913,-1.1893917,-0.54629743,-1.2819531,-0.5494652,-1.6709293,LumA
TCGA-C8-A12P-01,-1.824874,2.41038,-0.8467893,1.0993029,0.78766435,1.2462841,-4.1586747,1.4704802,-0.22730559,-0.5374944,Her2
TCGA-D8-A1JI-01,1.2368733,-1.1289588,0.29909465,-1.4171401,-0.058315594,-0.5541736,0.7890892,-3.87915,0.9747162,-1.5102457,LumB
TCGA-D8-A1Y0-01,-0.18716416,-1.6880527,-0.56358224,0.8726087,-1.8067634,-1.717228,0.2519127,0.5517367,0.3554007,-1.4389056,LumA
TCGA-EW-A1PG-01,0.061355308,0.33363384,0.5776277,-1.9685913,-1.3640398,1.0939149,1.2906792,1.3732654,-2.3538592,-1.2645231,Normal
TCGA-E9-A1RH-01,-1.7172431,1.5388579,-0.62660605,0.72178245,1.1067663,1.1498437,-3.0572166,1.9675877,-1.0919212,0.27581993,Her2
TCGA-AR-A2LH-01,0.048155706,0.6936262,0.23903468,0.7294576,-1.7711312,2.1756291,0.0716828,2.69664,-0.44029668,-1.913806,Normal
TCGA-AO-A03L-01,-0.81361544,-0.50631773,0.4726816,-0.12830794,0.05674936,-0.056652367,-0.03000166,0.26941702,-0.025286764,-2.2902694,LumA
TCGA-EW-A1IY-01,-0.3565108,-0.15677792,0.15916389,-1.3391266,-0.8060402,-0.039606683,-0.04917085,1.3297827,-0.113254875,-1.5974228,LumB
TCGA-A2-A0CL-01,0.75854933,-1.3862623,-0.35611692,2.327007,-2.4511645,-1.003342,-0.6389674,1.8442129,1.786949,-1.7829137,Normal
TCGA-A2-A0D0-01,1.5977995,2.1450782,-0.7543076,-0.28757742,3.2080982,2.3386157,-0.74562126,0.95685256,0.74216294,2.3371863,Basal
TCGA-A8-A08S-01,-1.2157084,-0.8850777,-0.25742838,-0.32144934,0.42147207,-0.78709495,-1.0984712,-0.6688046,-0.49055663,-1.4970385,LumB
TCGA-E9-A1R7-01,-0.47249842,-0.87911433,1.2397074,1.5331249,0.8256053,0.72001565,0.4352095,-1.1379781,-0.073158726,-1.5791705,LumB
TCGA-E9-A249-01,0.10412874,-0.25684422,-0.315249,-1.888438,-0.00063920766,-0.13903643,-1.2921433,-1.4313611,0.4884019,-0.7524462,LumB
TCGA-B6-A0I6-01,0.93391585,0.5218385,-0.4469729,-0.39905766,0.3220073,0.1022462,0.20290302,2.8374696,-0.6732403,3.3801527,Basal
TCGA-BH-A0DP-01,-0.34112337,-0.42893136,0.06615665,-1.3671163,-1.6106045,-0.24013394,0.7133468,0.5286629,-1.033684,-1.2395831,LumA
TCGA-BH-A1F5-01,-0.45639282,-1.099789,0.2982644,-0.9404069,0.3958838,-0.615343,0.042521186,-1.1067437,-0.7399223,-1.6754892,LumA
TCGA-BH-A0WA-01,0.9321735,0.7359233,-0.56045216,-0.29575855,0.39631462,0.7278969,-0.10398373,3.9606712,-1.0592643,3.7783892,Basal
TCGA-A8-A08F-01,-1.6076171,-0.8872757,-0.63067967,1.3952113,0.94116557,-1.0362706,-1.7801982,-1.0625995,0.13075387,-1.6243385,LumB
TCGA-E9-A22G-01,3.0645447,0.7674545,-0.94758725,0.036302432,1.5312392,1.0181569,0.6707348,1.4722731,0.9488027,3.1368086,Basal
TCGA-AN-A0XL-01,0.9564855,0.14215274,-0.41817746,-0.061880402,-3.156373,-0.073897794,0.94378644,-1.3085678,-1.6729093,-0.37675813,LumA
TCGA-E9-A1ND-01,-0.28975704,2.2186577,-0.67251384,0.7292084,1.7435989,1.8591324,-2.6261392,3.5671282,-0.21704465,0.49458063,Basal
TCGA-GM-A2DC-01,1.0054958,-0.25849128,0.89500856,0.5179891,0.024946474,0.24681385,0.7712759,-2.2420213,1.0078733,-1.264993,LumA
TCGA-AN-A04C-01,-0.028595574,2.742205,0.51215553,0.59556,0.50477743,2.756099,-1.9222542,0.09883182,0.76349866,-0.6339071,Her2
TCGA-A2-A04W-01,-1.7692009,2.267899,-0.2734275,-0.7641177,1.270589,2.6912363,-2.3681846,0.6008209,-1.6211011,-0.45505846,Her2
TCGA-AN-A0G0-01,1.9163905,1.2092746,-1.1827488,-0.29545796,0.24246205,1.0273668,-1.3074954,0.85582685,0.48416546,2.6401403,Basal
TCGA-AQ-A04L-01,-0.6700193,2.4378057,-0.8540892,-0.59458035,0.8934773,1.422436,-3.41307,-1.2485751,-0.59224343,1.3984343,LumA
TCGA-BH-A0RX-01,1.7789004,1.08537,0.5909814,-0.042678393,-0.45127457,2.3418403,0.825959,1.0627557,0.46628624,-0.268676,Basal
TCGA-A2-A3KD-01,-0.0744035,-1.1610615,0.778294,-0.9635233,-1.513178,-1.5924644,2.331398,0.2233766,-0.53838587,-0.93437064,LumA
TCGA-D8-A1JM-01,0.38119233,0.22947706,-0.31972444,1.3715826,2.9144006,0.07267136,-0.28703043,3.0570853,0.5859126,1.3017205,Basal
TCGA-GM-A2DO-01,2.3205557,0.5466357,1.4216064,1.1737951,-0.17073472,0.9929141,0.11526535,-0.5760146,4.1560774,-2.96228,LumB
TCGA-A2-A0T1-01,0.078388125,1.7148079,-0.41595784,1.1369417,-2.0383985,1.6153235,-3.0345485,0.68283004,1.6403548,-1.2746533,Her2
TCGA-BH-A1ET-01,0.3173968,-0.49259472,-0.4828906,-2.2829921,-2.194026,-0.55742085,-0.16510315,-1.1830126,-0.12565546,-1.5903959,LumA
TCGA-BH-A0EI-01,-1.9265138,-2.4263496,0.10684509,-0.8466083,0.87541837,-2.660166,0.29349244,-1.701914,-3.2987938,-0.28207117,LumA
TCGA-BH-A0GY-01,-1.713072,-0.25712258,0.7590515,0.70595914,1.0902792,1.0953784,0.26590937,2.035015,-1.1692162,-2.0952241,LumA
TCGA-D8-A147-01,0.8754334,-0.102787316,-0.32363072,0.41173294,0.21107043,-0.22354871,0.045851544,4.606523,-0.63232553,3.0586786,Basal
TCGA-E2-A1IL-01,-0.048090808,-0.54118115,-0.6371218,-1.360729,-2.5912237,-0.7749367,0.25835362,-0.91524893,-1.6673714,-0.987914,LumA
TCGA-C8-A27B-01,2.7386572,2.0917432,-1.3345091,0.33203137,1.5005066,1.07142,-2.2569134,3.0884938,2.0690694,2.08505,Basal
TCGA-AN-A0AS-01,-1.4887667,1.5643966,-0.8120909,-0.29224238,1.1225603,0.886189,-3.158547,-1.3538932,-1.4586567,1.4671711,LumA
TCGA-A8-A06R-01,-0.77819765,1.214081,0.46221626,0.2766113,1.4070315,0.7014973,-1.8493614,-0.063634686,0.77312887,-1.5116297,LumB
TCGA-AO-A1KP-01,-0.6951911,-1.0434383,0.48453933,-0.38274258,1.4670224,-0.20888197,-0.11299039,-1.5592571,-1.3576856,-0.14355507,LumB
TCGA-BH-A1FB-01,-0.61600935,-1.5069624,-0.5446013,-0.45573083,-2.7674072,-1.158547,0.886448,1.9971728,-0.9569,-1.4069716,LumA
TCGA-BH-A18L-01,0.34446836,-1.1902295,0.347591,2.0438433,0.9939548,-0.3256546,0.32509464,-1.7540846,1.2992448,-1.5938026,LumB
TCGA-E9-A1RC-01,-1.9542485,-1.2339776,0.17838326,-0.4105431,1.6170822,-0.43801484,-1.1095167,-0.90887773,-2.4166417,0.46220142,LumA
TCGA-A2-A0CT-01,-1.359428,-1.1645463,0.90374154,1.2245793,1.951946,0.36567184,0.7030344,0.6121602,-1.5606931,-1.4180094,LumA
TCGA-GM-A3NY-01,1.4802854,1.6127369,1.4911935,-0.71166974,-1.4684138,2.244303,1.4869347,-1.1323861,-0.73710835,-0.8515368,LumA
TCGA-AR-A2LO-01,-0.08671773,-1.1371197,0.23847246,0.7283031,-1.7947556,-0.8095422,1.3336608,1.2533569,-0.3349683,-1.5899934,LumA
TCGA-AO-A0JI-01,0.7890987,-1.6802205,0.33739585,2.2011414,-0.24576326,-1.6116735,1.5029459,-2.311168,0.9299588,-2.3215225,LumA
TCGA-AO-A0JL-01,1.8310212,1.9469995,0.33711854,-0.629852,2.44047,3.7723901,0.95990807,-0.55803835,-0.12091161,2.3931372,Basal
TCGA-GM-A2DH-01,-1.4213046,-1.1854815,0.13196564,2.5115037,-0.28529495,-0.22188964,-0.6060828,2.4954095,-0.2076382,-1.2699485,Her2
TCGA-BH-A1ES-01,-2.4932966,-2.3243837,1.2737583,-1.3406243,2.4830675,-1.4336331,0.9551242,-0.63697195,-3.856333,-1.2658095,LumA
TCGA-AO-A03M-01,-0.37457675,-0.4292248,0.75847393,1.1285347,-0.032467242,0.36990735,0.46627757,1.3986124,0.35552824,-1.9934518,LumA
TCGA-BH-A18M-01,-0.6564884,-1.0518022,-0.45229763,-0.29004765,-1.594612,-1.0435352,0.26352444,0.43177623,-0.84571695,-1.1598132,LumA
TCGA-A8-A09M-01,0.051555376,-0.10001926,0.110961705,0.9189865,1.3877971,-0.07985449,-1.7185045,-1.4347866,2.9392323,-2.7097318,LumB
TCGA-EW-A1OV-01,0.6868941,1.1172702,0.16639727,1.1267929,-1.21502,1.0806034,-2.012217,0.80039793,2.2461393,-1.3120836,Her2
TCGA-A1-A0SN-01,-1.4806436,-0.65424615,-0.048527353,0.42990175,0.18114802,-0.50952005,-0.7685056,0.41153678,-0.5690943,-1.8234106,LumB
TCGA-BH-A18F-01,-0.26500016,-0.8238687,-0.45211864,0.8188527,-1.9032954,-0.45737526,-0.08053993,0.74525076,-0.35102987,-1.0689815,LumA
TCGA-A2-A0CM-01,1.9025425,0.97261935,-0.9256603,0.3552456,-0.08392079,0.45140082,-1.847439,2.6968515,1.2468255,1.7204276,Basal
TCGA-AR-A0TW-01,0.05087921,0.2848819,-0.11167348,0.8944244,1.8060913,-0.25582585,-2.045255,-1.3310184,2.9976957,-2.935869,LumA
TCGA-BH-A0W5-01,-0.3132341,-1.0615611,-0.22737524,-0.36897525,-1.8858081,-0.8591236,0.34423468,1.3132226,0.34473723,-1.8446233,LumA
TCGA-AR-A24K-01,-0.6566421,-0.5456958,-0.14991412,-1.6558149,1.1419067,-0.69934094,-1.4537449,-1.4784752,-0.40842515,-1.4376421,LumB
TCGA-BH-A0HY-01,-1.1742674,0.8049743,-0.4199035,-0.18577203,0.043866277,0.6517087,-2.0062146,-0.7028112,-0.862831,0.06483207,LumB
TCGA-A2-A0EU-01,-1.2206503,-0.85284156,0.5541458,0.1028068,1.0258895,0.2210128,0.3241565,0.4815908,-1.5453027,-1.6538022,LumA
TCGA-BH-A0E7-01,-0.96131873,-1.9812859,-0.46121174,-1.452659,0.8155261,-1.9297278,-0.69759727,-2.6259296,-1.6411005,-1.9333105,LumA
TCGA-BH-A0EE-01,-0.3140386,3.6402452,-0.3224146,0.10641738,2.1254964,2.4290776,-3.0944664,1.0855525,0.5791396,0.106227525,Her2
TCGA-BH-A1FE-01,-0.7836173,-1.0641123,-0.566824,0.16520914,-1.5106046,-0.6585771,-0.35754773,1.3394799,-0.31956223,-1.4287243,LumA
TCGA-AC-A2FB-01,-0.029215336,-1.1425799,0.033663575,0.22431812,-1.9429744,-0.68005717,0.98297393,1.6559606,0.19665122,-1.7728299,LumA
TCGA-C8-A12L-01,-1.3951283,1.5793356,-0.5086129,0.55441374,1.9211385,1.2824395,-2.586633,2.6827862,-0.69094014,-0.5535596,Her2
TCGA-C8-A1HN-01,-1.205111,-1.3259523,0.2933933,0.95325875,2.0234666,0.2976523,-0.8848419,-1.2753674,-0.20988613,-0.62942296,LumB
TCGA-AN-A04D-01,2.634898,1.5106103,-0.24105033,-0.7189896,3.4154048,3.1603332,1.5169967,-0.44735324,0.46037,3.1618707,Basal
TCGA-GM-A2D9-01,0.3421751,0.8481328,0.93003273,-0.93324256,-0.65636414,1.2834544,-0.15922007,-1.2169893,-0.25600907,-0.82444346,LumA
TCGA-B6-A0IK-01,-0.8040991,0.79419035,0.7318149,0.5416527,0.6239781,1.5576153,-0.12104721,1.315774,-0.45835283,-1.5943921,Her2
TCGA-AR-A0TP-01,1.652048,2.06694,-0.695454,-1.7027172,2.022657,1.7657715,2.6491952,1.1240346,-2.4608824,9.176003,Basal
TCGA-A2-A0EY-01,-1.2067844,0.34953833,-0.13021037,1.5803205,-0.9180946,0.66928935,-1.3934312,0.9490879,0.12414859,-1.4827136,LumB
TCGA-A8-A06O-01,0.009617798,-0.55441576,-0.31272373,1.3848653,-0.89219224,-0.41374305,-0.90430456,-1.2408562,1.0537392,-1.2321116,LumB
TCGA-D8-A27W-01,-0.5826926,-1.5883932,0.23264384,3.3481789,0.97199476,-1.1470191,0.70531607,0.048130233,0.6424298,-2.3900158,LumB
TCGA-A8-A091-01,-0.053172402,-2.1311994,-0.3273578,1.7991343,-0.8173061,-3.0715122,1.8126395,-2.2936869,-0.22554147,-2.055189,LumA
TCGA-D8-A1XT-01,-1.3192236,0.7599285,-0.96316266,0.97935283,-0.8629453,-0.027985334,-3.4817255,0.6659526,-1.2322453,1.2051804,Her2
TCGA-A8-A08P-01,-0.69646186,0.48554868,0.3617078,-0.039867267,0.9465867,0.5041567,-1.756774,-0.3807592,1.4003134,-2.006433,LumB
TCGA-D8-A1X8-01,0.34071422,-0.9958765,-0.13488805,-0.7210766,-1.9508095,-0.80456877,1.165302,-0.60765356,0.17075883,-1.797187,LumA
TCGA-C8-A1HM-01,0.09458384,0.13630916,0.5103839,1.1794894,1.7055924,0.22894222,-1.3193895,0.5328843,2.4896462,-2.4649348,LumB
TCGA-AO-A0J5-01,-0.54145753,-0.66164243,-1.461299,1.1971376,-2.4577506,-0.8369405,-1.623109,-1.5071195,-0.6854378,-0.49919388,LumA
TCGA-A8-A08T-01,-0.77575016,-0.62079304,-0.50070673,-0.11860893,-0.3506922,-0.7937639,-0.8937255,-0.45958513,-0.05062615,-1.3049444,LumA
TCGA-AC-A2BK-01,4.5724688,0.43907052,-1.2894855,1.6389602,3.3243783,-0.026878744,1.834676,-0.4081886,1.9015596,4.0313787,Basal
TCGA-A2-A0YM-01,1.2134815,0.07473832,-0.2822625,0.8873352,0.58161855,-0.24087778,-0.62689346,4.1933537,0.18942575,2.7582035,Basal
TCGA-A1-A0SO-01,3.445331,0.41285253,-0.49909252,1.4671052,1.7330872,-0.35054234,1.5149611,0.30566287,1.5246352,3.066783,Basal
TCGA-AO-A129-01,2.0391123,0.5834015,0.0033005401,0.09738682,-0.39087266,1.6211268,0.564811,1.9798722,0.6620426,0.29270428,Basal
TCGA-A8-A08I-01,-0.23493189,-1.469245,-0.20953909,1.141513,0.035850234,-1.4994838,0.05513656,0.77604216,1.885128,-2.6117756,LumB
TCGA-C8-A130-01,-0.2638486,0.2225721,0.73437023,0.21158913,0.08889513,1.0621977,-0.11231109,-0.24419028,-0.13743909,-0.6502074,LumB
TCGA-C8-A1HI-01,-0.47271377,-0.07162914,1.2702503,-0.5563753,0.16768363,0.74734783,1.6689055,0.5334559,-1.3229259,-1.7182674,LumA
TCGA-AO-A1KT-01,-0.7882078,-0.5903743,0.1500723,-0.052005924,0.55404294,0.024034824,-0.44678137,-0.034954034,-0.55574894,-0.66993535,LumB
TCGA-C8-A12W-01,-1.3261057,-0.56263524,-0.046505712,0.8277224,0.962059,-0.7111138,-1.0373648,-0.02809155,0.31403184,-2.6336238,LumB
TCGA-E9-A247-01,-0.009940758,-0.38494962,1.022915,0.0015032962,0.654182,0.64594674,0.80663186,-0.44424617,-0.69177246,-0.97128886,LumA
TCGA-AQ-A1H3-01,-0.3368192,-0.80835396,-0.5599788,-0.24513516,-1.7098582,-0.79901326,-0.23606935,0.29852462,-0.06376102,-1.2200216,LumA
TCGA-B6-A1KI-01,0.48147807,0.31319672,-0.41174394,-1.69117,-2.1815379,0.10211986,-0.6662109,-2.1342344,-1.092311,-0.29770473,LumA
TCGA-EW-A1J1-01,0.5409729,-1.3680234,0.26309806,-0.2188536,0.59486055,-1.1853347,0.5177185,-1.9403237,1.9439379,-3.1038356,LumA
TCGA-B6-A0RN-01,-0.12510177,0.13557969,-0.5469229,-1.2589432,-1.3343251,-0.1408896,-1.319029,-1.5894083,-0.07021385,-0.8855203,LumA
TCGA-BH-A0BL-01,-0.44131786,-0.28767645,-0.14305091,0.75857943,-1.9921069,0.99546766,-0.3057724,3.0457535,-1.3673443,0.18406442,Basal
TCGA-AN-A0XV-01,0.12571824,-0.09487494,0.005806431,-0.27981338,-1.3458022,0.14511427,0.09987525,0.0470685,0.14048466,-1.0222025,LumA
TCGA-AR-A2LQ-01,0.36876824,0.046451464,-0.63925105,-0.53970283,-3.9261267,0.70579696,0.8968894,1.6139992,-2.1210735,-0.60459775,Normal
TCGA-AO-A03P-01,0.36902475,-0.44099754,0.010088101,0.52371776,1.7733988,-0.08422156,-0.6446395,-1.6635909,1.6410618,-1.5179157,LumB
TCGA-B6-A0X7-01,0.9539338,0.450616,0.21402821,-0.59155214,-2.3220677,0.2937255,1.0966237,-1.038495,-1.7305517,-0.17973837,LumA
TCGA-A8-A07B-01,-1.1301811,1.872533,-0.8025576,-0.9863601,1.8905765,0.22488138,-3.684238,-1.8552941,-0.70322573,0.1497412,LumA
TCGA-A8-A086-01,-1.2177022,-1.6002659,0.14556298,-0.6229386,0.75373507,-1.1899204,0.057203583,-0.548285,-1.6636469,-1.7127099,LumA
TCGA-BH-A1FU-01,-0.6823792,-0.14632908,-0.65752834,0.25503173,-1.8400724,0.7441987,-0.99728966,2.464859,-1.2396519,-0.4225026,Normal
TCGA-B6-A0RI-01,-1.9663604,-1.1773223,0.15471014,-1.2458576,1.1019392,-0.5588684,-0.5547862,0.1268256,-2.4320273,-1.8720895,LumA
TCGA-E9-A248-01,-0.75026995,0.24509223,0.05480934,2.283679,-0.08772366,0.74920607,-1.3857044,3.0361695,0.75994134,-1.7967689,Her2
TCGA-A7-A26I-01,-0.66416466,0.7708316,-0.052940004,0.036453117,-0.2890146,0.10447388,-1.1857076,1.405407,-1.2156371,2.654195,Basal
TCGA-E2-A14W-01,-1.0494388,-0.603719,0.5084732,-1.1317791,3.5072432,0.3663385,-1.1660424,-2.9869177,-1.9910823,0.9237155,LumB
TCGA-B6-A0I1-01,0.21732491,1.7765751,0.07913064,-0.32647192,4.4140105,3.7309935,-0.20932357,1.2822134,-0.51789796,3.0317867,Basal
TCGA-GM-A2DI-01,-0.17870873,-1.055318,-0.31473443,0.06807652,-1.9229618,-0.87105393,0.09845469,1.1011935,0.8089839,-2.2030478,LumA
TCGA-EW-A1PE-01,-0.8708039,-0.8743737,-0.64769226,-1.7210281,-1.4862925,-1.0357141,-0.8969454,0.14487326,0.47751722,-2.8472602,LumA
TCGA-BH-A1F2-01,-0.39731786,0.60838765,-1.4118689,0.004109774,-2.1451554,0.5654988,-2.0830677,-1.7900791,-1.208396,0.86257267,LumB
TCGA-BH-A0BD-01,-0.3263674,-0.5927517,-0.08963173,0.012765724,-0.86339855,-0.36481577,-0.08891029,0.5086284,0.066949084,-1.0307908,LumB
TCGA-A7-A0DA-01,-0.59134257,0.9729336,-0.25108624,-0.6070335,1.037848,1.5640752,-0.5991398,3.001727,-2.3865225,4.1936693,Basal
TCGA-A2-A25C-01,-0.919366,-0.83604544,-0.23031142,0.21358964,-0.717784,-0.709905,-0.23929581,0.21463528,-0.37006816,-1.6706997,LumB
TCGA-E2-A14V-01,-1.0675899,-0.31495655,0.43837187,0.049710535,0.9373462,0.5358159,-0.1570172,0.35701773,-1.0379903,-1.2193654,Her2
TCGA-B6-A0WX-01,0.55918676,0.46948534,0.3176361,0.041602124,-1.260589,2.0782075,0.9096322,1.8772147,-1.1372073,-0.13877109,Basal
TCGA-BH-A0DV-01,0.879397,0.7986685,-0.65436757,-1.1078876,-3.953485,0.79841673,0.07793832,-0.04619872,-1.6195606,-0.7854335,LumA
TCGA-A8-A09V-01,-0.6373443,-2.3172657,-0.9657328,-2.121642,-1.6862383,-2.4928296,0.25542444,-1.3972511,-1.8959824,-2.0189471,LumA
TCGA-BH-A0HP-01,0.23034605,-0.02301056,0.28308532,-1.0814232,-1.4498149,0.21637951,0.970918,0.20308864,-0.86190295,-1.150661,LumA
TCGA-B6-A0I8-01,-0.6884596,-0.9260843,0.34734473,-0.30053416,0.5724367,-0.46248552,-0.12190298,-1.2139482,-0.71808934,-1.8492833,LumA
TCGA-E9-A1N8-01,1.2748737,0.063306615,-0.05070626,-0.27246642,1.5527147,-0.29779336,1.2597176,2.5435805,-0.3501845,4.4901,Basal
TCGA-AR-A24Q-01,1.6019332,-0.14445367,-0.33820578,0.21986833,-0.7797221,-0.9236803,0.3705427,2.9330976,0.55696714,2.3293598,Basal
TCGA-AR-A0U0-01,1.1084591,1.9202635,-0.96304977,1.0648263,1.9892154,0.88273144,-2.6343534,3.8175812,0.992489,0.8858433,Basal
TCGA-B6-A0RG-01,-1.1379074,-0.7143283,1.1927179,-0.002937533,2.1828008,0.85318744,0.70765156,0.21806666,-1.4652942,-2.1291144,LumA
TCGA-A7-A0CE-01,0.32994,-0.02942039,0.053692147,0.22061592,0.367697,0.55727535,0.36328852,1.9516652,-0.60826206,1.3028777,Basal
TCGA-AC-A2FO-01,0.6605403,-0.54790556,0.016991105,1.0469075,-2.5218666,-0.28420043,1.0502808,0.5974785,0.29428357,-1.7092934,LumA
TCGA-C8-A12Y-01,-0.15765199,0.67250234,1.7351964,-1.757539,1.601738,1.7427709,0.33482397,-0.7930483,-0.17904761,-2.4457488,LumA
TCGA-B6-A0X4-01,0.3564688,-1.6280541,2.7744746,-4.261687,4.254552,-2.349131,2.1464348,-5.7132974,-2.6339834,3.6099877,LumA
TCGA-AC-A2BM-01,0.16871245,-1.5605804,-0.26960945,0.71952486,-0.20289092,-1.8858203,0.28692618,-1.2973276,1.5130544,-2.886439,LumB
TCGA-E2-A15G-01,0.16941726,-1.5364357,-0.35936347,-2.3414037,-0.73136806,-1.168322,-0.40923572,-2.5378315,-0.71390176,-1.3562403,LumA
TCGA-D8-A146-01,-0.89873236,-1.0839998,-0.6559225,-1.0380747,-2.2676997,-1.0846262,0.12106011,0.51792586,-0.9217913,-1.648697,LumA
TCGA-C8-A12U-01,0.8065614,-1.143958,0.92187095,2.7889676,3.1399584,0.84095407,0.096459895,-0.9827033,2.646324,-2.0190277,LumB
TCGA-B6-A0WT-01,-1.7282268,-1.6571232,0.43993947,-1.0008286,0.33415526,-1.4059764,0.83225715,0.02478686,-1.9308075,-2.9912887,LumA
TCGA-C8-A27A-01,-0.7808928,-2.7628334,0.6960879,4.386745,3.1945174,-1.5689399,2.213614,-0.22670943,-0.18147728,-1.3373576,LumB
TCGA-A8-A081-01,-1.2743303,-0.2507602,0.40635478,2.3490007,0.40894967,0.13208699,-0.9480865,1.6435008,1.0072953,-2.358071,LumB
TCGA-AO-A03O-01,-0.23075944,0.5211349,0.25196257,0.4310944,0.8572165,0.31722727,-1.365555,-0.027259782,1.7478268,-1.9338536,LumB
TCGA-D8-A1XW-01,1.2243315,0.96392995,-0.99400806,-0.48142815,-0.8170997,1.0609733,-1.245592,2.1449606,-0.7940372,2.525637,Normal
TCGA-E2-A15L-01,-0.61608976,-1.0178679,-0.3612345,-2.495473,-0.38563043,-0.8034576,-1.0759352,-1.3028611,-1.348134,-1.4452094,LumA
TCGA-E2-A105-01,-0.22440124,-1.4167237,1.495081,2.1767485,1.7504787,0.31246096,1.5677403,-1.3098131,-0.9469067,-0.91091704,LumA
TCGA-E2-A15H-01,-0.5845052,-0.3347932,0.7063,-0.872134,0.48873734,0.38178426,0.2722217,-0.0721797,-0.7640351,-1.8504773,LumA
TCGA-BH-A18S-01,1.2114336,-0.5528327,-0.5051817,-2.7298079,-0.65112245,-0.5226364,-0.7463342,-3.939184,1.2048705,-1.3652456,LumA
TCGA-AR-A1AO-01,0.0045538396,-0.00078497827,-0.17492169,0.9522733,-1.9087503,1.6351036,-0.37218553,2.7057786,-0.78416,-0.78055656,Normal
TCGA-AC-A23G-01,-0.65652156,-0.14269936,-0.11038936,-1.5182947,-1.3144164,0.27892154,-0.107213125,1.1649053,-2.2456913,-0.003489904,LumA
TCGA-AN-A0FV-01,-2.9911957,0.2944674,0.08410519,0.7641252,2.4479315,1.1406585,-2.0639744,0.7536437,-2.5703392,0.6388891,Her2
TCGA-AR-A24Z-01,-0.85284644,-1.0036237,0.026510503,0.30724475,0.17981909,-0.5355152,-0.3156763,-0.5764064,-0.47272465,-1.3114902,LumB
TCGA-D8-A145-01,-0.19728762,-1.3806232,-0.06846542,0.35523632,-2.7885838,-1.3851584,1.750931,0.88877314,-0.7392553,-1.6886184,LumA
TCGA-D8-A1XB-01,-1.5869942,-1.3810402,0.043363728,-1.4570143,-0.5199084,-1.1482323,0.21213531,0.5617818,-2.4802766,-1.4611714,LumA
TCGA-A2-A0YL-01,-0.3467102,-0.83462155,0.28031525,-0.776872,-1.8136569,-0.5535401,1.6216339,1.2566856,-1.3140608,-1.4471244,LumA
TCGA-C8-A12Q-01,-1.195416,0.16392358,-0.5913297,0.7613946,-1.1161295,0.7458284,-1.5251667,1.7929887,-0.83145547,-1.0858346,Her2
TCGA-BH-A0HI-01,-0.24769467,-0.33555692,0.4008732,-2.6739006,-0.14197044,0.10523104,-0.55145645,-0.9727894,-0.4703121,-1.6551766,LumA
TCGA-A2-A0EW-01,0.6707033,-0.40054744,-0.6710282,-0.47381037,-3.9610393,-0.34887728,1.0751903,0.6002527,-1.5719994,-0.8021766,LumA
TCGA-A2-A0D2-01,2.2693148,0.6685987,-0.48240733,-0.19918668,-0.68052155,1.575156,-0.22090255,1.4033582,1.0958167,1.0558673,Basal
TCGA-EW-A1J3-01,0.17492345,-0.07884434,0.74445015,-1.3271654,-0.06751386,0.37156117,0.45749357,-1.1137329,-1.4391453,-0.40509075,LumA
TCGA-EW-A1P3-01,0.4778642,0.20929016,1.1303751,-0.39721912,-0.39664638,1.0434797,1.1294196,-0.6913914,-0.41322947,-1.267756,LumA
TCGA-BH-A1EY-01,-1.1833603,-0.2308854,-0.42264888,0.476755,-0.71603066,-0.118900955,-1.2538267,0.26240933,-0.2902626,-1.1533302,LumA
TCGA-A2-A259-01,-0.56668454,-1.4716116,-0.23028836,-0.016400319,-1.793784,-1.5501862,0.9661038,0.8327414,-0.59666955,-1.8299063,LumA
TCGA-E2-A1B1-01,-0.3121127,-0.9553911,-0.6036039,0.21387526,-2.5187254,-0.16708702,0.28301686,1.721358,-0.949491,-0.68358386,LumA
TCGA-AR-A2LR-01,-1.1561646,-0.73608404,1.2038857,0.14908352,-1.6685323,-1.5440847,3.1919882,3.1540737,-2.636716,4.5481825,Basal
TCGA-D8-A1XF-01,0.51613665,-1.917591,0.33980906,3.1315038,2.5663369,-0.48388693,1.2731483,-1.7147181,1.36466,-2.1985211,LumB
TCGA-AR-A0U4-01,2.4408326,0.2596869,-0.7175745,0.06973219,-0.99922365,0.3327694,-1.1422536,2.0289922,1.8104851,1.0856873,Basal
TCGA-C8-A26X-01,-0.00082848966,3.2332404,-0.43475074,0.37020826,-0.8731303,2.008923,-3.585362,1.076901,1.1500291,-0.95738214,Her2
TCGA-E9-A1N6-01,-2.1707451,0.2381474,-0.4553976,0.02841815,0.78433794,0.36928627,-2.3247542,-0.48244232,-1.721259,-0.12031025,LumB
TCGA-A8-A08C-01,0.37279224,-0.56151366,-1.002008,-2.2400954,-0.7110952,-0.7593261,-1.4361165,-2.8119738,-0.42287597,0.13466161,LumA
TCGA-BH-A0H7-01,-1.6553386,-0.8301631,0.13928431,0.64815325,0.9557476,-0.19470319,-0.6807561,0.21952668,-1.2678026,-1.2800443,LumA
TCGA-BH-A0E1-01,-0.08911543,-0.63738775,1.4902595,-2.240851,0.3164512,-0.13128617,1.5156308,-0.65260947,-0.6120969,-1.3287164,LumA
TCGA-BH-A28Q-01,-0.41882598,-1.1996496,-0.48646986,-1.5100791,-1.3097109,-1.2205957,0.10593089,-0.45887667,-0.29106224,-1.6982721,LumA
TCGA-A2-A1FX-01,-0.1734924,-1.420019,0.012529243,1.0966758,-0.07526825,-1.2206202,0.6374765,-1.2338837,-0.11243999,-1.6831677,LumB
TCGA-E2-A10F-01,-0.98121583,-1.2376071,-0.79760647,-0.874915,-1.449333,-1.2712296,-0.7244001,0.22776705,-0.79782474,-1.6083859,LumA
TCGA-A1-A0SE-01,-0.3976078,-0.68040013,0.2582229,-1.0070487,-1.1563879,-0.49351385,1.1169422,0.5220944,-1.1024357,-1.4739239,LumA
TCGA-E2-A1B5-01,2.131224,0.6084279,0.7165888,0.72626764,-2.6481175,1.4638492,0.6052893,0.17254888,2.2867773,-1.9321475,LumA
TCGA-BH-A0DE-01,0.33079216,-0.037916556,0.20580342,-0.032069713,-1.4351453,0.2865761,0.70066285,-0.39461586,-0.8996836,-0.4569728,LumA
TCGA-E2-A14P-01,-0.046969302,1.0264388,0.74022496,1.1839521,-0.29143283,1.6981087,-0.35504815,0.82196116,0.41844988,-1.1812813,Her2
TCGA-E9-A227-01,0.616268,-0.023170799,0.046403036,-1.2397249,-1.6467925,0.14365923,0.015038995,-0.73195124,0.7921852,-1.27901,LumA
TCGA-A8-A07O-01,1.2645069,0.88311404,-0.8058886,0.45468453,1.8735867,0.45675763,-1.0150911,2.2646642,0.7584878,1.8952259,Basal
TCGA-BH-A18T-01,1.9333363,0.981826,-0.87944776,-0.29416788,0.25278276,1.0260628,-0.9393543,1.224836,0.84888506,2.1048818,Basal
TCGA-AO-A0JA-01,-1.0926158,-0.66306096,-0.043421626,0.2705442,-0.5212117,-0.43689224,-0.147902,0.58825517,-0.71998775,-1.7826043,LumA
TCGA-B6-A0IO-01,-0.13529167,-0.31189567,0.8011618,-0.36906117,1.0308595,0.60807574,0.20197257,-0.56572807,-0.25508583,-0.7992319,LumA
TCGA-E9-A1QZ-01,1.0275239,-0.7337686,0.10124701,0.9342931,-2.4126189,-0.077313334,0.95019835,0.80163103,0.6807691,-1.4685961,LumA
TCGA-AC-A2B8-01,-0.6422754,-0.9974085,-1.4408551,-0.26395583,-2.4639623,-1.2419573,-1.2127405,-0.22722271,-0.8565966,-1.1179605,LumA
TCGA-E2-A1LH-01,2.5130877,1.2433902,0.36647934,-0.0025207773,-0.9887222,3.1686084,0.28960174,0.9276903,1.2083983,0.008389354,Basal
TCGA-EW-A1OY-01,-0.28003445,-0.36770368,0.7321864,-0.26034015,1.0136698,0.4533114,0.0923814,-0.2858137,0.2611647,-1.6292216,LumB
TCGA-A2-A0CQ-01,0.5997389,0.10772352,0.72992086,-2.5894728,0.13447966,0.47238758,-0.30122134,-2.667961,-0.39419055,-0.72183657,LumA
TCGA-AR-A1AL-01,-0.115157895,-1.0436633,-0.3152031,-0.48090065,-3.0315237,-0.8076836,1.6790408,0.82012683,-1.5236902,-1.1205603,LumA
TCGA-E9-A22B-01,-0.5466244,-1.0705887,0.55076736,1.4450667,0.44602513,-0.17145965,0.47308582,-0.8703498,-0.94554114,-0.44954264,LumA
TCGA-C8-A26Z-01,-0.86081415,-1.2566897,0.37053475,1.3286624,0.9003598,-0.59754527,0.29211062,-0.78150725,-0.31978154,-2.2340178,LumA
TCGA-E2-A1IH-01,0.27506453,-0.18173565,-0.41799808,0.7190295,-1.8956275,0.17726463,-1.1654513,-0.04416707,0.9034034,-0.8298348,LumA
TCGA-E2-A14S-01,0.5239941,-0.8883957,0.06933239,0.3165452,0.12007375,-0.65148854,0.0863867,-1.795011,1.0615011,-1.4532655,LumB
TCGA-A8-A07E-01,-0.71075416,-0.60081,-0.429677,0.29256028,-1.433589,-0.22987747,-0.36994463,0.24936143,-1.1093234,-0.4096653,LumA
TCGA-C8-A1HO-01,0.20843983,-1.5638273,0.08634545,2.783001,1.4502705,-0.78486276,0.6482824,-1.5444467,1.3898916,-1.9444746,LumA
TCGA-A2-A1FZ-01,-0.40967274,-0.7073667,-0.885927,-0.52715796,-2.4230502,-0.75691915,-0.2841155,-0.20873776,-1.1169635,-0.9827995,LumA
TCGA-D8-A27M-01,1.0363394,-0.92291117,-0.859484,0.7734677,-1.9983802,-0.4520019,-0.9550312,3.7192402,0.15361479,1.3376809,Basal
TCGA-E9-A228-01,-0.5316419,-2.1324866,-0.30387762,2.3838842,1.7465214,-1.4007726,0.2702388,-3.2357986,-0.69397783,-0.018485166,LumB
TCGA-AR-A1AW-01,1.3435647,-0.7609881,-0.41876954,2.1784048,-1.976121,-1.2350881,-1.595911,1.4395255,3.3324544,-2.1512434,LumB
TCGA-EW-A1P8-01,1.4485365,1.0202259,-0.38937253,-0.24328527,-0.3009098,1.7525735,-0.37706172,1.4872131,0.1915972,1.1144233,Basal
TCGA-BH-A0H6-01,-0.68934697,-0.897559,-0.12297354,-0.6391429,0.12780413,-0.6133199,-0.5546296,-1.3592857,-1.5359223,-0.38273373,LumA
TCGA-D8-A1JF-01,-0.94000614,2.5807436,-1.0555047,0.65739006,-1.4246067,1.3866541,-4.4569955,0.43039638,0.3865145,-0.629408,Her2
TCGA-C8-A273-01,-0.60770035,-0.65114915,0.731545,-0.027766027,0.84751964,0.17081472,0.33895168,-0.379919,-0.17664404,-2.1049247,LumA
TCGA-C8-A132-01,-1.4310994,-0.9801588,0.57608527,0.6273909,-0.36164194,-0.05338767,0.97102535,2.3279634,-0.9473573,-2.145208,LumA
TCGA-A8-A075-01,-1.5390533,0.24726312,-0.21153498,1.2907958,0.012517497,-0.27014387,-2.2021725,0.5649948,0.7534969,-1.978984,LumB
TCGA-A1-A0SD-01,-0.8882176,-0.9012528,0.28162396,0.21602911,-0.9692904,-0.59443116,1.0208025,0.9306306,-1.3367368,-1.2802755,LumA
TCGA-AR-A256-01,1.3251059,1.0897816,-1.1350538,-0.4187754,0.7097799,1.2065042,-1.195026,2.1632113,-0.40201578,3.627349,Basal
TCGA-A2-A0T3-01,-0.63718516,-0.8185219,0.6239694,0.53230643,0.13770165,-0.11400594,0.99620295,0.10374099,-1.0234753,-1.3588712,LumB
TCGA-A7-A0CD-01,-0.09598457,-1.5172762,-0.4769469,-0.8491436,-0.5258439,-1.3823229,-0.3715247,-2.1002934,0.26447022,-2.097764,LumA
TCGA-A8-A07I-01,-1.1597321,0.15385304,-0.5835861,0.6212047,-0.3419357,-0.5552877,-2.1482506,0.096259825,0.47293553,-1.5240142,Her2
TCGA-BH-A208-01,0.043510083,1.9306233,-0.6512225,-0.73906845,-1.9876069,2.6544619,-1.5107311,1.5523366,-1.6260986,0.29318753,Normal
TCGA-BH-A1F6-01,0.9185679,0.5270051,-0.46580744,0.41832164,0.30860037,0.76998556,-0.70054036,2.5057416,-0.25785515,1.5933138,Basal
TCGA-E2-A1IK-01,1.968502,-0.46482378,2.5126827,-1.8612425,-0.10801367,-0.58501136,3.502458,-1.8546898,2.5661714,-1.399919,LumA
TCGA-AR-A24X-01,-0.21792126,-0.21322083,-0.15839678,-1.517733,-1.1497072,-0.33588988,-0.6246384,-0.2622867,0.09625797,-1.7252804,LumA
TCGA-E2-A1IE-01,0.235082,-1.2966154,0.61425567,0.86983496,-0.024474181,-1.0477782,1.3570939,-2.152554,-0.62712777,-0.87813663,LumA
TCGA-A7-A2KD-01,-1.5587202,-0.95985633,0.034586906,-0.0799372,0.10261837,-0.80573976,-0.22475779,0.9677774,-0.7779784,-2.209131,LumB
TCGA-AR-A24T-01,-0.6958591,-1.130098,-0.45901448,-0.5960027,-1.4108366,-1.1998827,0.27663165,0.27709258,-1.1517154,-0.88405454,LumA
TCGA-E2-A150-01,0.91145474,1.2400124,-0.8990125,-0.17292506,-0.28908834,1.18396,-1.8096083,2.5313702,-0.26928735,2.0927365,Basal
TCGA-AR-A251-01,-0.38133338,-0.5057212,0.14426246,1.000641,-1.1415769,0.02511942,0.051732153,3.6634002,-1.2867602,2.0983024,Basal
TCGA-BH-A0B1-01,-1.0728538,-0.52745694,0.43911538,0.03974496,0.3039012,0.52293324,0.36302996,0.946523,-1.2556757,-1.4089329,LumA
TCGA-D8-A1JE-01,-1.1316807,-1.2026294,-0.90365446,-2.1468153,0.102380276,-1.4559544,-2.0635326,-1.8772967,-0.61127055,-1.5259932,LumB
TCGA-A2-A0CP-01,0.73642015,1.0742595,0.72100323,-1.0817738,-1.4404035,1.3017582,0.92735726,0.017708503,-1.2424883,-0.9172275,LumA
TCGA-C8-A274-01,-1.6824687,-0.019236304,0.21635768,-1.0589876,1.769321,0.41634887,-1.6185714,-0.55939543,-1.1084275,-1.3287725,LumB
TCGA-AO-A0JC-01,1.6652876,-0.2771504,0.3550033,1.6433805,-2.4248517,0.29127908,-0.45259422,2.0722768,2.7419589,-2.092384,LumA
TCGA-AR-A0U2-01,-1.8305217,-2.1626215,0.62435365,4.8223224,2.5218399,-0.6798936,0.37383693,0.67077816,-0.47178522,-1.845906,LumB
TCGA-B6-A0IH-01,0.8011217,0.081939876,0.18891804,-0.39968872,-2.5723534,0.40628552,1.3158944,0.75712943,-0.88150465,-1.027719,LumA
TCGA-EW-A1PB-01,1.5908844,2.5283055,-0.80671847,0.60613143,2.2425323,1.2630435,-2.3586385,2.6006215,1.7223809,0.752695,Basal
TCGA-BH-A0E9-01,-0.27328947,-0.87196964,0.40947342,-0.04392334,-2.6758833,-0.47272506,2.3124368,1.282771,-1.6187457,-1.3889015,LumA
TCGA-E9-A1NH-01,-0.44272822,-0.36829364,-0.319025,-2.1967173,-1.2488074,-0.28164423,-0.70304215,0.027721811,-1.2485448,-1.2685238,LumA
TCGA-EW-A2FW-01,0.39011928,-0.76863176,0.7649432,0.38762975,0.9850316,-0.0036208332,0.490681,-2.063897,0.68191576,-1.2667825,LumB
TCGA-A2-A04Y-01,0.5088947,0.26902407,1.0581775,0.75056183,-0.425461,1.1735934,0.41290894,-0.8462381,0.5929465,-1.0233991,LumB
TCGA-A7-A3IY-01,0.30555582,0.17747907,1.2242739,-2.2227113,0.991413,0.4244075,0.6923365,-1.0085636,-0.7766495,0.010879792,LumA
TCGA-AO-A0J8-01,-0.3240772,0.08835094,-0.28744772,-1.8532096,-1.2417134,0.00028689206,-1.0957252,-0.68470085,0.22583202,-1.4214386,LumA
TCGA-AO-A12E-01,0.25950602,-0.47538763,0.4215469,0.55534446,-1.6810988,-0.1980325,1.5215669,0.08670771,-0.90864635,-0.94784725,LumA
TCGA-A2-A1G0-01,0.18772098,-1.2815741,-0.48962164,-0.07778229,-2.4982307,-1.4694403,1.276079,0.005344011,0.012010001,-1.8057451,LumA
TCGA-BH-A0DG-01,-0.4821465,-0.9012514,-0.37174562,0.66018295,-1.3470764,-0.5039395,-0.17863989,0.7173841,-0.26241747,-1.080063,LumA
TCGA-E2-A1IO-01,-1.0918106,-1.566675,-0.42943734,-0.11700436,-1.7991415,-1.5586367,0.70021886,1.1015786,-1.0757886,-1.6484483,LumA
TCGA-D8-A1XZ-01,-0.8727347,-0.43296647,-0.40657207,0.59688526,0.3505178,-0.8914013,-1.5855817,-0.62551767,0.7732153,-1.6364187,LumB
TCGA-AR-A0TY-01,-0.06544683,-0.75333935,0.8645546,1.8722862,1.2638236,0.6161969,0.25476357,-0.65284693,0.70364225,-1.3329104,LumB
TCGA-A2-A0SW-01,0.06400943,1.7333745,-0.25435153,0.7612105,-1.3250238,1.1033505,-3.2372735,-0.4709059,2.7835152,-1.8385149,LumB
TCGA-D8-A1X6-01,0.1708796,-0.85427266,-1.1529074,-0.9925772,0.70774114,-1.4747041,-1.8889316,-3.924503,0.89490163,-0.6028868,LumB
TCGA-EW-A1OX-01,1.2110139,-1.6827914,-0.32157218,1.1139832,3.9264264,-0.47946897,1.0467799,-5.202505,0.46435344,1.6014248,LumB
TCGA-BH-A0HW-01,-0.3587993,-2.3218632,-0.5797233,0.6847013,2.8259356,-2.2539306,0.35900745,-4.732537,-1.0294695,-0.49462166,LumB
TCGA-BH-A0BP-01,-0.4120009,-0.2095882,0.32761407,0.35862446,-1.5758436,0.35114956,0.9508054,0.29756552,-1.5724849,-0.49883935,LumA
TCGA-AO-A03T-01,1.5470126,0.37175953,2.5248199,-0.09396649,1.0926131,2.0158067,2.5873268,-1.8409996,0.14964694,-1.1597899,Normal
TCGA-B6-A1KF-01,0.07032141,2.0442514,-0.42809236,-0.78856605,3.3819702,3.620887,-0.3375254,1.2352672,-1.5096109,3.8467698,Basal
TCGA-D8-A1Y3-01,0.34470475,1.644789,0.4015629,0.20943582,1.5820507,1.289542,-2.4619102,-1.6490911,2.5445697,-1.1445497,LumB
TCGA-A8-A0A2-01,-0.3328959,-1.2267915,-0.6349741,-1.1249582,-0.8892989,-1.3118972,-0.505069,-0.71047086,0.33824807,-1.9448249,LumA
TCGA-B6-A1KC-01,0.45797396,-2.0157707,-0.06601041,2.3074524,2.017985,-2.6453598,1.4813569,-4.5233674,-0.4437896,0.6096559,LumB
TCGA-D8-A1JT-01,0.1924395,-0.62407786,0.16553901,-1.6612726,2.8120184,-0.2783265,-1.0030593,-2.5923262,-0.15010008,-0.6315782,LumB
TCGA-A2-A04P-01,2.2916853,1.8212832,0.27075255,-0.25615785,-0.21043785,3.2319894,0.01760537,0.3672204,1.0936589,0.31032726,Basal
TCGA-BH-A18K-01,-0.4801132,0.36847866,0.5294742,-0.6565125,0.11964309,0.95018876,-0.16295157,0.048645437,-0.9757837,-0.73082113,LumA
TCGA-A7-A13E-01,1.3776345,0.5960335,-0.65302473,-0.41603863,-0.59696233,0.32224783,-0.42667574,0.7176073,0.088649735,2.3366945,Basal
TCGA-A8-A096-01,-0.98450875,-0.9739049,-1.4959959,-2.1377535,-1.033854,-1.71331,-2.401557,-1.2854832,0.86802745,-2.5837932,LumB
TCGA-E2-A1LS-01,3.7519293,2.70332,-1.0291636,-1.2269174,1.8274852,4.0954595,0.3943092,-0.91182995,0.66389537,3.3826551,Basal
TCGA-A2-A0CX-01,-1.5724818,1.8296576,-0.08908904,-0.105367415,0.9427794,1.3047023,-2.2640646,0.55492246,-0.47023514,-1.0008303,Her2
TCGA-A1-A0SM-01,-1.765693,-0.4990111,0.042189356,-0.8396799,1.057559,-0.07875928,-1.0076227,0.13599992,-1.9116077,-0.889987,LumA
TCGA-A2-A0EM-01,0.027676553,-0.8422972,0.042359076,-2.6289208,-0.4824664,-0.51172197,-0.25164598,-1.0616602,-1.2303298,-1.0448254,LumA
TCGA-AQ-A04H-01,-0.2114959,-1.3339412,-0.055737726,1.2396003,0.41245323,-1.0855721,0.022239214,-1.8260291,0.35404712,-1.8984917,LumB
TCGA-A2-A0T5-01,-0.5660197,-0.12426379,1.2499392,-2.0769873,0.14452767,0.46218368,1.4019793,0.55738664,-1.5271729,-2.0465283,LumA
TCGA-AR-A24V-01,-1.7549167,-1.5550578,-0.6975416,-0.56269336,0.504964,-1.7997983,-1.2149202,-0.78120106,-1.5130105,-1.7224655,LumA
TCGA-A1-A0SI-01,-1.0727477,-0.5307636,-0.81247723,-1.076464,-1.634223,-0.2868416,-1.4181886,1.193729,-0.63021123,-1.8530056,LumB
TCGA-B6-A0RP-01,-0.32200015,-0.5994755,-1.4778652,-2.0310893,-2.5607684,-1.301225,-1.8177305,-2.2206628,0.35530937,-1.9449601,LumA
TCGA-BH-A0AW-01,-0.3904729,2.1759546,0.36850616,0.9578947,-0.4580788,1.8818126,-1.5472218,0.8811422,0.9458374,-1.6674343,Her2
TCGA-E9-A1N9-01,-0.36638004,-0.60024375,0.34650242,0.726495,-0.22918303,0.06854319,0.5078637,0.8770096,-0.43037838,-0.7071084,Basal
TCGA-BH-A0GZ-01,-0.54889953,-0.051356025,0.8968789,-0.43371058,0.7367073,1.052783,0.48213452,0.25786078,-0.9995816,-1.1851636,LumA
TCGA-E2-A152-01,-2.7405736,1.3330821,-0.694801,-0.46819735,0.74104565,0.9883505,-3.1981075,0.40552917,-2.2967083,-0.98137224,Her2
TCGA-BH-A0BF-01,-0.2821447,-0.51767045,-0.64268196,-0.07902621,-1.3549881,-0.7157048,-1.2879953,0.7317053,0.79591894,-1.2718154,LumB
TCGA-A8-A06N-01,1.0674891,-2.1071963,-0.9723729,0.52502364,2.8410213,-2.2219331,0.5008094,-5.801483,1.8684362,-1.9822828,LumB
TCGA-D8-A27K-01,-0.6115363,-0.91540295,-0.23334005,-1.718039,-1.7620255,-0.791976,0.41876912,0.6383161,-0.5034255,-1.8318042,LumA
TCGA-BH-A0HX-01,-1.3558049,-1.092305,0.69632226,1.2541534,0.9025922,0.1727269,0.464117,0.8707456,-1.4600929,-1.3526207,LumA
TCGA-A2-A0T6-01,0.018098168,-0.56290543,-2.1269124,-0.62216115,-4.0389576,-1.1717604,-2.3384023,-0.46590233,-0.32079798,-1.1708547,LumA
TCGA-E2-A15I-01,-0.6710924,-1.1067749,-0.33655238,-1.732242,-1.993411,-1.0519304,0.9288367,0.4501699,-0.67603815,-1.8586165,LumA
TCGA-AN-A0FD-01,-0.5963345,-0.035727635,0.48693973,-0.9166547,0.93509763,0.22921467,-0.48991337,-0.114521794,0.14744513,-1.924775,LumA
TCGA-AN-A0AK-01,-0.06068989,0.09143424,0.49471942,1.905744,3.3061967,0.96785474,-1.7967559,-2.1352253,2.3547513,-2.0723946,LumB
TCGA-D8-A1JS-01,2.1344795,2.3178298,0.42466402,-3.0153503,1.1474004,1.9166375,-1.8493748,-5.8912606,0.95649457,0.94258654,LumA
TCGA-AO-A1KS-01,-0.32829425,-0.7375784,0.21117416,0.9064046,0.07922988,-0.2900183,0.4133394,-0.05854582,-0.4110824,-0.55721724,LumB
TCGA-AR-A24U-01,0.30379352,0.5108736,-1.1077341,1.4954383,-2.5642054,0.6264032,-3.1206272,1.9830406,1.0642384,-0.6334103,Her2
TCGA-A8-A085-01,-1.4605209,-2.4189568,-1.0642935,0.13158971,2.0070102,-2.1521566,-1.5928552,-4.049297,-1.7614491,0.035809904,LumB
TCGA-BH-A0C3-01,0.07254882,-0.87476426,-1.043602,1.2164317,-2.8744628,-0.82283926,-0.9141325,-0.05233202,0.034758426,-1.2826135,LumB
TCGA-AO-A1KQ-01,0.039099816,-0.38583165,0.8854539,0.73936164,0.78320915,0.46050242,0.05103995,-0.6865031,0.9929528,-1.5194647,LumB
TCGA-E9-A1N3-01,0.8355323,-1.6252395,0.9549998,-0.3414925,-0.38052756,-2.2744544,2.5242672,-2.8952854,0.5866777,-0.3044802,LumA
TCGA-AO-A0J2-01,-0.52477646,3.1431081,-0.3034887,0.20923874,1.2868302,1.8996269,-2.9359202,0.86403376,0.51166666,-0.2030572,Her2
TCGA-A2-A0T2-01,0.025669731,2.590716,-0.3248096,-0.5543286,2.867486,3.7322876,-1.068312,0.71199197,-0.6641153,1.7618539,Basal
TCGA-BH-A0B5-01,-0.98121226,-1.2043132,-0.5785999,-0.48578322,-1.5705094,-1.1529462,0.09292359,0.2509858,-0.79061425,-1.5992705,LumA
TCGA-BH-A18N-01,-0.31837082,-2.184713,-0.22698116,-1.2768052,0.9346173,-2.1352468,-0.091876715,-3.2555225,-1.3293651,-1.4179201,LumA
TCGA-B6-A0RO-01,-0.11469679,0.46087098,1.4811841,-1.2397622,0.89273804,1.4145485,0.89765275,-0.53695536,-1.0964247,-1.5690215,LumA
TCGA-E9-A295-01,-0.94365597,-0.6216185,0.7826904,0.7578858,-0.0010564923,0.28187478,1.0908834,0.68280375,-1.6592114,-0.61537725,LumA
TCGA-E2-A1IU-01,-0.0146610215,-0.7244528,0.3249699,-2.294332,-1.0686563,-0.3031054,0.9566875,-0.30516896,0.14813879,-2.5133827,LumA
TCGA-E9-A1N5-01,-0.8996773,-1.2070723,-1.2097176,0.350402,-1.1700488,-1.6028591,-1.1432526,-1.326138,-0.56876063,-1.0087566,LumA
TCGA-E2-A1IJ-01,-0.25263864,0.15599515,0.103233255,-1.7644315,-1.7526907,0.55254424,0.2088766,0.8072938,-1.313676,-1.3738523,LumA
TCGA-BH-A209-01,0.5137973,0.3478834,-0.037152097,1.3679373,-0.6812844,-0.17599413,-2.153482,1.1676128,2.4516125,-1.5735902,LumB
TCGA-C8-A26W-01,-0.27960247,-0.509816,0.25392476,0.10707221,-0.65004224,-0.067641154,0.16422479,0.26019537,0.26227817,-1.463127,LumB
TCGA-E2-A1AZ-01,0.8014364,-0.1251836,-0.19828478,0.8072474,-0.67549765,0.124308236,-0.63833094,2.319737,0.59585583,-0.009781189,Basal
TCGA-AN-A0FK-01,0.43135774,0.4693585,0.068665,-1.9223889,-0.06070748,0.5085737,-1.4389423,-2.5673647,1.6203214,-1.3036656,LumA
TCGA-D8-A1XO-01,-0.66173637,-0.8309296,-0.85376996,-1.7578957,-1.5799459,-1.1451753,-1.1882076,-0.5901784,-0.9148921,-1.8126651,LumA
TCGA-D8-A27G-01,-0.6275319,-0.7372916,-1.2458605,0.5631518,-1.9061903,-1.0361654,-1.5896465,-0.61210775,-0.056485943,-1.0056189,LumA
TCGA-AR-A0TT-01,-0.1355303,-0.46499455,-0.7140633,2.9518821,-1.9429456,-1.2127604,-2.8684406,0.7356707,2.8127348,-2.1263049,LumB
TCGA-A8-A0A4-01,-0.22829255,-0.8304452,0.6183556,0.17029563,-2.046209,-1.3075969,2.5929773,0.46619305,-2.0403917,0.108514465,LumA
TCGA-BH-A0DQ-01,-0.014206745,-0.17648995,0.11114292,0.38887334,-1.3142291,0.14678827,0.34501418,-0.3145501,-0.5559901,-0.9288341,LumA
TCGA-GI-A2C9-01,0.09719511,0.344765,0.055905163,-0.6112111,0.2531919,0.048953082,0.17140846,2.8674457,-1.3300762,3.7095613,Basal
TCGA-A7-A3IZ-01,0.36213022,-2.2985036,-1.1842318,-0.3409859,-0.07701984,-3.3655696,0.34014133,-4.4277444,-0.5210886,-1.345957,LumA
TCGA-AO-A12D-01,-1.5025319,2.404583,-0.5535618,0.59250766,0.31050396,1.6947273,-3.1923072,2.197762,-0.06832147,-1.0814193,Her2
TCGA-EW-A1PC-01,-2.3225288,-0.45533556,0.5942045,0.5075121,2.7314925,0.88255274,-1.0516839,0.6125531,-1.9216733,-0.3905582,LumB
TCGA-E2-A1LA-01,0.5281469,0.50659907,1.1473305,0.036001228,0.18514095,1.0254806,0.14467034,-0.4719296,1.444911,-1.9737439,LumA
TCGA-D8-A143-01,-0.28054637,0.90159947,-0.124406554,1.1440196,0.6446839,1.1689409,-1.0446223,2.6895456,-0.25610766,-0.37353817,Basal
TCGA-B6-A0I5-01,0.5587754,1.3026856,1.8158616,-1.7641269,0.77454436,2.390413,0.64435834,-1.2662146,-0.3368356,-1.1201397,LumA
TCGA-AR-A24R-01,-0.2892432,-1.0915457,0.23999277,0.84783745,-0.14970824,-0.6823026,0.24781954,-0.49006414,0.26140982,-1.992529,LumB
TCGA-A2-A0YF-01,0.2442868,-0.53495705,0.45119905,-1.1824743,-0.64333344,-0.007465996,0.16516986,-1.1641032,0.46807858,-1.838108,LumA
TCGA-BH-A0DS-01,0.37241638,1.1494231,0.27254203,-0.33730617,-1.7563181,1.2030827,-1.0409595,-0.84610605,0.7216222,-1.0682055,LumA
TCGA-E9-A1R5-01,-1.1831386,-0.53562504,-1.1358261,0.09688967,-0.82185453,-0.90266967,-2.0931928,-1.7972916,-0.766454,-0.40442097,LumA
TCGA-E2-A159-01,-1.442776,1.6000732,-0.40008184,1.3453246,0.23384897,2.194401,-2.2598255,3.99047,-1.0127841,-0.67138386,Basal
TCGA-A8-A0A7-01,0.1028169,0.24424763,-0.08284416,1.7204263,-1.33453,0.097335696,-1.6259707,1.4743948,1.6685362,-1.6821014,Her2
TCGA-B6-A0X5-01,-0.47273666,-0.82577896,-0.30720267,-0.6100951,1.6591228,-0.28368914,-1.7703639,-2.9003787,0.30111328,-0.46149066,LumB
TCGA-B6-A0RE-01,0.10444548,0.65132964,-0.17680717,0.16495273,1.5587838,1.3281165,-0.27577242,2.4437788,-0.7686893,1.6954719,Basal
TCGA-EW-A1PH-01,0.29709148,0.115391806,-0.1617527,0.55369663,0.83233535,0.9396621,0.01370311,3.3300037,-0.84395814,1.635457,Basal
TCGA-BH-A0DH-01,0.26488525,0.1849726,0.8712656,-0.8510428,-0.2530611,0.53080267,0.22988102,-0.92456603,0.8619232,-2.615703,LumA
TCGA-E9-A22H-01,-0.4661134,-1.0008173,0.3965311,-1.6617033,0.030834064,-0.3791652,-0.05113244,-0.70367837,0.18977389,-2.5411272,LumB
TCGA-E2-A155-01,0.61403716,-1.2340318,-0.13559097,2.346267,0.53420526,-1.1259718,-0.34615088,-2.5067291,2.2117639,-2.2902904,LumB
TCGA-B6-A0X1-01,-0.02819942,0.0040946156,0.051798847,1.3159636,2.7069974,-0.31243238,-0.43864536,4.197304,0.5787928,1.3772159,Basal
TCGA-A8-A07U-01,1.5020736,0.4277181,-0.54639953,1.5120445,-1.8386534,0.8533913,-1.9153503,2.3186471,1.5692458,-0.38840905,Basal
TCGA-A1-A0SP-01,1.4696406,-0.15591398,-0.18881688,0.9092789,0.42408293,-0.48167935,0.061035015,2.5090842,0.86546946,1.3946716,Basal
TCGA-A8-A07F-01,-1.058109,-0.22948113,-0.48039556,-0.89452285,-0.60346055,-0.4990202,-1.0637186,0.2399629,-0.41629177,-1.8736053,LumA
TCGA-E2-A1LB-01,-1.100754,4.243392,-0.62514967,-0.08118268,-0.8349065,2.2225957,-5.0688887,-0.6144551,0.5647414,-0.5839379,Her2
TCGA-BH-A0AV-01,0.59415376,0.7564678,-0.3619299,-0.45175418,-0.70588815,-0.14128372,-0.79310566,3.1430905,-1.086182,3.555053,Basal
TCGA-EW-A2FR-01,-2.4861493,-0.63087386,-0.39785865,1.2778819,-0.5043301,-0.25175306,-1.6747012,1.4811089,-1.6550834,-0.6187978,Her2
TCGA-C8-A133-01,2.2999277,0.48885697,0.17621514,-1.2953693,3.9439573,0.08945802,-0.74891275,-5.969193,1.3480086,1.5234447,LumA
TCGA-AO-A12C-01,-0.9245331,-1.4683025,0.023683928,-0.85505986,-0.3007517,-1.3812582,0.50936764,-0.3554982,-1.3570619,-1.6440319,LumA
TCGA-A8-A09N-01,-0.7210059,-0.18092859,0.20571384,-1.17353,0.5325996,-0.29216933,-1.0302324,-0.68590695,0.6417167,-2.403549,LumB
TCGA-A2-A0SU-01,-0.22488701,-0.23869118,0.8941648,-0.57991326,-0.19252676,0.33758757,1.1263351,0.12266934,-0.48229447,-1.6909963,LumA
TCGA-AO-A12H-01,1.0278761,-1.1230583,-0.09539475,-0.62722385,2.0064135,-0.95406675,0.44845363,-4.6825905,0.23888378,0.45482677,LumA
TCGA-BH-A0DI-01,-0.4154625,-0.4719087,-0.34210697,-0.21853429,-1.8404429,-0.03150563,0.1528118,1.1201832,-0.9775777,-0.6777521,LumA
TCGA-E9-A229-01,-1.4373667,-1.6026429,-0.632814,-0.9995873,-1.0888381,-1.6336495,-0.20532447,0.44291735,-1.080493,-2.0545437,LumA
TCGA-A2-A04N-01,-0.47645867,-0.41799265,0.16925493,-1.3745131,-0.3378328,-0.19353968,-0.24289763,-0.10576644,-0.94994557,-1.342105,LumA
TCGA-B6-A0RM-01,0.063554674,-1.2176571,-0.7351294,0.63311696,-0.38470006,-1.8252729,-0.22255169,-2.6824596,0.19486621,-1.2765462,LumA
TCGA-BH-A0E0-01,0.29039222,1.8918145,0.026105203,0.056947704,2.2384107,2.4352353,-0.9824428,0.4768474,0.28668657,0.7378647,Basal
TCGA-A2-A0YE-01,0.5008139,0.43894,-0.33192858,0.0939162,0.66082853,0.54411465,-0.18445227,2.4128141,-0.63966465,2.530246,Basal
TCGA-AQ-A0Y5-01,-3.2235858,-1.0321294,-0.26012185,0.40224105,2.1357722,-0.23422286,-2.1959531,-0.651894,-3.3591275,1.0617166,LumA
TCGA-A2-A0D3-01,0.053798042,0.16619895,0.41607144,-1.7689885,-0.1835295,0.3846096,-0.30584085,-0.5786698,0.3918097,-1.8277428,LumA
TCGA-BH-A1EX-01,-0.8851291,0.39857495,-0.8284037,-0.28726262,-1.6352704,0.7017138,-2.1585271,0.82525116,-0.8469893,-0.6548084,LumA
TCGA-A7-A0CG-01,0.6610919,0.604061,-0.117399134,-0.13720578,-2.9878101,1.2754496,0.18122208,1.1157634,-0.30299357,-1.5379844,LumA
TCGA-GM-A2DN-01,-0.17404729,0.68802345,0.86410576,-1.9948798,-0.19405596,0.7589605,0.19352032,1.0765152,-0.15045571,-2.5036094,LumA
TCGA-BH-A0BO-01,0.56556624,0.07686874,-0.5598178,-0.9772171,-3.7879066,0.06725921,0.694579,0.3568574,-1.3990495,-1.2734289,LumA
TCGA-A8-A06T-01,0.2012705,-0.32490957,-0.60771334,-0.6982914,-0.6624222,-0.51735055,-1.3473713,-1.626727,1.7101127,-1.4274925,LumA
TCGA-C8-A278-01,-0.73663425,2.3641157,-0.15221831,0.6109168,-0.3389933,1.1881354,-3.1556044,1.1076502,1.2046629,-1.4360017,Her2
TCGA-D8-A1Y2-01,-0.1516355,0.304645,-0.6206476,0.1510975,-1.358459,-0.24012285,-2.161317,-0.28508708,1.2724568,-1.0362179,LumB
TCGA-A8-A06P-01,-0.5967908,-0.8427461,-1.038091,0.034896057,-1.4735999,-1.1846784,-1.0430303,-0.8167854,-0.64280903,-1.2926794,LumA
TCGA-E9-A1NA-01,-1.8332906,-0.67010987,-0.42195427,0.9121053,0.7014962,-0.589764,-1.8954371,-0.38618374,-0.6867174,-0.99700564,LumB
TCGA-AR-A0TQ-01,-0.07335802,-1.061819,0.32500672,2.4017944,-0.39369965,-0.62542224,-0.08353472,0.15011984,0.8853041,-1.7254378,LumB
TCGA-D8-A142-01,0.6214802,0.76393765,-0.6362654,-0.07797655,-1.3247163,0.9849833,-1.3241079,1.9058006,-0.52456033,1.058864,Basal
TCGA-BH-A0DT-01,-0.05632118,-0.18233547,0.38520345,-1.3618771,-1.5296791,0.04985849,1.0165584,0.6466863,-0.753628,-1.6198097,LumA
TCGA-BH-A0DX-01,-0.12637556,0.48596573,-0.46106213,-0.24229994,-2.1272812,0.9618372,-1.2409351,-0.077487715,-0.72802305,-0.28525317,LumA
TCGA-B6-A0RU-01,0.9160742,0.32943463,0.5194083,0.05973854,-1.6652029,0.36826372,2.6216109,2.3912363,-2.1469142,1.9872622,Basal
TCGA-BH-A18U-01,-1.1579322,0.018279344,-0.21505451,0.5264021,0.5080761,-0.36305782,-1.797596,-0.045438945,0.48168695,-1.7373714,LumB
TCGA-EW-A1J6-01,1.7393775,0.4807027,0.9040132,0.4181197,0.6778955,1.1988592,0.423896,-1.9948848,1.7145461,-0.614547,LumB
TCGA-E2-A106-01,0.044544585,-0.7733578,2.1342669,0.3920039,1.623272,0.8127117,1.8841721,-1.7497108,-0.21668416,-2.2828014,LumA
TCGA-E2-A1BC-01,1.2338665,1.3579677,-1.270774,-1.8944433,-4.736013,0.33720326,-0.9990078,-2.581734,-1.8810946,-0.19390704,LumA
TCGA-AN-A0XU-01,-0.07690815,-0.112129234,-0.20281672,1.1793916,1.5324316,0.2692837,-0.5434289,4.0799804,-0.5855154,1.8716648,Basal
TCGA-C8-A1HE-01,0.013573319,-0.8563103,0.11702885,-2.3738937,-0.6839585,-0.43990067,-0.16295104,-0.80744,-0.06468416,-1.8039184,LumA
TCGA-BH-A0W7-01,-0.48854887,-0.009195618,0.70018095,0.09806979,-0.65912753,0.44101712,0.69089013,0.8394143,-0.36938885,-1.7367501,LumA
TCGA-E2-A15C-01,-0.8270203,-0.92761755,-0.2614712,-1.1333635,-1.0677351,-0.8657992,0.06991666,0.36452588,-0.5015516,-1.9785279,LumA
TCGA-AR-A0U3-01,-0.4010843,-0.5534639,0.8514383,0.40479076,0.7777282,0.46479255,0.4935885,-0.104085706,-0.1047364,-1.630969,LumA
TCGA-BH-A0DK-01,-0.001212731,-0.10835332,0.8227333,1.0638298,-0.38662273,0.53610075,0.57840574,1.1130363,0.38170233,-1.715635,LumA
TCGA-A2-A04R-01,-0.18328229,-0.99519235,0.6612844,-0.1178746,0.7933061,-0.17622888,0.47202253,-1.560948,-0.34715635,-1.6511036,LumB
TCGA-HN-A2NL-01,3.964069,0.6587722,0.08022382,1.7348934,1.1118565,-1.0185179,2.1534197,0.9482539,2.1752717,2.889418,Basal
TCGA-D8-A1XU-01,-1.0425409,-0.7855296,0.137651,-0.9789245,-0.28718823,-0.49328348,-0.1029375,0.17521974,-1.1265111,-1.6086928,LumA
TCGA-BH-A1EO-01,-0.67903686,-0.4007811,-1.7191881,-0.4548967,-2.1788085,-0.78212416,-2.256358,-1.170284,-1.1017166,-0.29014814,LumA
TCGA-B6-A0IN-01,1.5394084,0.39703572,1.3591068,1.8364332,-0.77092534,1.586558,0.58845013,-1.4786276,1.7157478,-1.4340985,LumB
TCGA-A2-A3KC-01,-0.4554301,-1.2298292,-0.104314424,0.23684448,-2.0583756,-1.0624961,1.343737,0.6868662,-1.2950934,-1.1932259,LumA
TCGA-AN-A0FF-01,-0.07657725,-1.0704753,-0.24873716,0.06715048,-1.1918409,-0.8625045,-0.17338717,-1.0668713,0.92237186,-2.0183084,LumB
TCGA-A8-A097-01,-1.1368518,-0.73334277,-0.21541244,0.3455378,-0.55964136,-0.5234722,-0.5127522,0.5683394,-0.9875412,-0.7127554,LumA
TCGA-B6-A0IP-01,0.34984663,0.1022926,0.6607436,-1.4800007,-0.9366641,0.477474,0.761463,-0.11702309,-0.4567187,-1.4293337,LumA
TCGA-A2-A04X-01,0.4742827,1.2058678,0.42713594,0.15757132,0.18249926,0.84555364,-1.693251,-0.46701217,2.7038462,-1.7561502,Her2
TCGA-A8-A094-01,-1.7961172,2.4001815,-0.19583637,0.62513494,1.3666569,1.0240383,-3.4872963,1.5846821,0.7683208,-1.9497617,Her2
TCGA-C8-A12Z-01,-2.8160996,2.4519236,-0.1526854,-0.19895014,2.7356932,2.0951054,-3.3608494,0.8188246,-1.4578557,-1.1706588,Her2
TCGA-A8-A082-01,-1.883814,-2.8987126,-0.31475675,0.09073468,2.694769,-2.0269606,-0.9585649,-3.7027926,-2.6697328,0.7060232,LumB
TCGA-E9-A22D-01,0.82711226,-0.1469986,0.1706695,0.4534591,0.2613504,-0.3772883,-0.9236521,-0.6901158,3.263318,-2.447612,LumB
TCGA-B6-A0WS-01,-0.36890846,-0.6861326,-0.23869088,-0.72911704,-0.82681066,-0.63416004,-0.44489944,0.21947974,0.65429366,-1.7362119,LumA
TCGA-AR-A2LK-01,-1.2919405,-1.0869827,-0.5275241,-0.17947799,0.2572552,-1.3354336,-1.1107998,-0.57924265,-0.163707,-2.2099907,LumB
TCGA-C8-A138-01,-0.442636,0.490358,1.3586148,0.73010427,0.27919185,1.7517953,0.43650004,0.51093566,0.06947826,-1.9584788,Her2
TCGA-A8-A07G-01,-1.048922,-0.30997732,-0.44849855,-1.1013937,-0.83955854,-0.06630057,-1.0711718,0.99623615,-1.294818,-1.1750437,LumA
TCGA-BH-A0B7-01,-0.96187425,0.15282594,-0.18243742,1.4960774,-1.6340753,1.2779342,-0.95132655,2.5119941,-0.79690325,-1.4716842,Her2
TCGA-A2-A0EX-01,0.16416253,0.08914918,0.07138229,-1.0676484,-1.1128532,0.16447785,0.0038125664,0.033509713,-0.28819153,-1.1902139,LumA
TCGA-D8-A1XR-01,0.042590465,-0.95116603,-0.9470315,-1.637301,-1.1258287,-0.85894585,-1.1162637,-2.3693907,-0.48455074,-0.44082803,LumB
TCGA-BH-A18P-01,-0.93742967,0.08435245,-0.3960224,-0.2579569,-0.49411333,-0.1489155,-1.1966116,-0.24709436,-0.31294042,-1.3410412,Her2
TCGA-E9-A22E-01,-1.0449241,0.390029,-0.4675609,-0.45127505,-0.55303085,0.054347128,-1.9898512,-0.63593,-0.46290478,-0.54652303,LumB
TCGA-BH-A0B3-01,0.2990265,0.5120507,-0.352814,0.8590396,0.71490854,0.70779943,-1.0860826,3.4813619,-0.35968024,0.9659054,Basal
TCGA-E2-A15O-01,-0.5302877,-0.7818633,0.717464,0.49931854,0.7571117,0.14772551,0.5808663,-0.20702317,-0.4839351,-1.7618412,LumA
TCGA-A2-A25D-01,1.3453629,0.57135785,0.46310732,0.6612061,-1.0930277,1.2182246,-0.4665512,-0.5611201,2.3607464,-1.6063628,LumA
TCGA-BH-A18G-01,1.586217,4.4179673,-2.7515483,-1.4422323,4.188566,4.434964,-3.3321471,-0.9081065,-0.2805542,5.883661,Basal
TCGA-B6-A0IA-01,0.79568183,1.1317611,1.052551,-2.6176727,4.513916,1.9880048,-0.48037654,-4.12641,-1.2213435,1.756753,LumA
TCGA-A8-A090-01,-0.63792896,-0.75643563,-0.18586001,-0.44235924,-0.053433,-0.6151295,-0.64897215,-0.38338876,0.034801606,-1.6195018,LumA
TCGA-AN-A0XT-01,1.1197995,-0.42932034,0.47269773,-0.067430116,-0.8960127,-0.23765486,0.84096086,-2.036678,0.48754558,-1.4734486,LumA
TCGA-A2-A0YK-01,0.8938905,-0.9721325,-0.46791023,0.7258797,-3.8513546,0.10854971,1.0143757,2.289302,-0.33666393,-1.2247037,Normal
TCGA-A8-A09K-01,2.309632,-1.2254438,0.32474396,2.4744585,0.55607027,-1.1644819,0.2779541,-2.429661,5.052554,-4.045201,LumA
TCGA-A2-A1FV-01,0.97604775,-0.60104036,0.8249819,0.9072888,-1.7777746,-1.8346705,2.8501596,-2.7699716,-2.0430467,0.4652421,LumA
