sampleID,Z1,Z2,Z3,Z4,Z5,Z6,Z7,Z8,Z9,Z10,Final_Label
TCGA-C8-A1HL-01,-0.7573141,-2.3479853,-1.1126223,0.7142928,-1.0386957,1.0668994,-0.03514764,1.322759,-1.6268649,2.3093214,LumB
TCGA-EW-A2FS-01,0.40959364,1.8554173,3.9429035,-1.5269837,-0.21004733,1.3912368,2.5604856,-0.9019987,0.7265743,-0.82897747,LumA
TCGA-D8-A1JU-01,4.6055746,1.9685329,-1.4220393,-3.745822,1.9496412,0.47441736,-0.7789249,1.231574,-0.5980602,-2.062607,LumA
TCGA-B6-A0RL-01,-7.2413063,-4.5533123,8.86765,4.5546575,-9.632135,-6.5266247,2.65367,2.7340586,-0.2310494,-3.1004198,LumB
TCGA-E9-A3HO-01,-1.462329,0.9446905,5.2493987,1.1381471,-2.124003,-0.069529876,4.0524526,-1.185488,1.3563426,-1.8784821,LumB
TCGA-BH-A0B0-01,1.6982694,1.1971561,-0.85181665,-1.6226562,1.3423847,2.4621632,0.031497136,0.84023595,-1.4213617,-1.8641269,LumA
TCGA-D8-A1XJ-01,-2.1032221,-2.9775321,-2.7421176,5.3883786,1.8600351,1.586074,1.1423197,0.54976803,-4.343869,0.045887917,Her2
TCGA-E9-A1R4-01,2.9914951,1.7580717,0.86714363,2.5425365,-0.7150869,-2.1247425,2.4443479,3.1737158,-1.5267657,-3.9378257,LumB
TCGA-BH-A0BZ-01,0.59589803,0.32950643,-1.0353093,1.3521007,0.25841054,2.9003794,1.1667235,2.2369318,-0.7306798,-0.6598954,LumB
TCGA-C8-A3M8-01,1.4002179,-1.8777446,1.6356729,0.8855527,-0.62126374,-0.92522097,0.7572949,-0.40000886,0.054002658,-0.94445384,LumB
TCGA-E9-A24A-01,2.1737492,-1.0210736,-1.9362159,-2.0048244,-0.6947997,-0.7218948,-1.2557049,3.6996114,-1.5614395,-2.9588435,LumA
TCGA-D8-A1JB-01,2.5372167,3.3307443,0.67336476,-0.60844237,0.6516728,0.10098341,-0.7403184,0.9454999,0.80270696,-1.4189053,LumA
TCGA-E9-A1N4-01,2.3492823,1.5132014,-1.7248516,-1.5262879,0.12514165,0.8687336,-2.3639784,3.7943099,-0.48708647,-1.0435827,LumA
TCGA-C8-A12X-01,-9.222447,-8.220161,2.2699919,0.41965547,-2.4301906,4.194079,-5.486851,4.8473372,2.5299323,7.838621,LumA
TCGA-A7-A13D-01,-3.6215324,1.5021955,-3.805255,-0.56391275,-0.53645015,-5.785403,0.33145654,-2.4683878,-3.101619,4.0146055,Basal
TCGA-A8-A07W-01,1.4350438,-1.0825127,-1.3698199,2.2861698,-0.7192291,-0.8231894,1.9934404,2.2763135,-1.544075,-1.0355474,LumB
TCGA-AN-A0FN-01,2.8863826,2.1681361,-2.8511143,-3.5753863,1.7594526,2.1849616,-0.06256855,2.5149648,-0.7147192,-1.5630155,LumA
TCGA-E2-A1L6-01,2.2493985,0.52322495,0.803685,-0.6999171,0.96645147,-0.9502152,-0.77074844,-0.2244857,-0.4577074,-3.0958178,LumA
TCGA-GM-A2DA-01,-0.1729202,2.3834803,2.6410143,-3.9453723,0.021939378,1.7302594,1.8039196,0.5306212,-0.42408848,-0.2571528,LumA
TCGA-A7-A0CH-01,0.5034077,-2.8135493,0.5711253,-1.5499902,0.24422649,0.4348689,-1.5022233,-0.3357304,-3.9324038,-3.8955584,LumA
TCGA-E9-A2JS-01,1.0555885,-0.99479663,0.3201649,2.2103443,-1.671103,-1.3402774,2.950211,0.73806584,-0.53559697,-0.84143835,LumB
TCGA-E2-A15P-01,1.9038045,-0.028885275,1.4710447,-0.71297467,0.70279646,-1.1042384,-0.7596174,0.10141871,-0.50625116,-3.0707884,LumA
TCGA-B6-A0WV-01,0.7964895,-4.1468806,1.7110571,4.3966784,0.47197455,-0.6115305,-0.1398865,-0.94074154,-2.7058625,-2.7598913,LumB
TCGA-A8-A07S-01,0.62324107,-3.3516364,-0.31952962,0.44942477,-1.086242,0.43442434,-1.2474408,2.49897,-1.13286,-3.639217,LumB
TCGA-GM-A2DD-01,-0.91166556,2.5092912,-0.5297167,-0.24678187,1.0342226,5.1262603,1.8915776,0.75649494,-0.6622921,0.30880207,Normal
TCGA-D8-A141-01,2.5584283,2.563553,-1.9856216,-1.1099936,0.5421454,0.47002903,1.1545335,2.3304324,-0.97775245,-2.0051398,LumA
TCGA-AO-A128-01,-0.002754733,9.878587,-0.37684307,4.00223,0.63792074,-0.6131435,1.5392679,3.0721204,-1.2956698,0.82874936,Basal
TCGA-EW-A2FV-01,1.0613927,0.9281916,0.20472291,0.8679938,0.784507,1.3656605,-0.7179293,0.6564298,-0.24486035,-0.34516585,LumA
TCGA-B6-A0I9-01,-1.3902065,0.7939989,0.25776207,2.8888958,-0.5740028,-1.0390378,0.7087259,1.8142413,-2.0314648,-0.608328,Her2
TCGA-E2-A1L9-01,1.2216452,-0.38043657,-1.3286568,-0.6868295,0.32507843,-0.02475334,1.8182701,0.23747744,-1.9416492,-1.8982441,LumA
TCGA-AR-A1AP-01,1.3006661,-0.13913667,0.28097013,1.9931328,0.9779205,0.417682,0.4910861,0.8339919,-1.8092085,-2.7234766,LumA
TCGA-BH-A0H5-01,1.8660017,4.9773536,1.1112337,-0.3908346,0.38904256,2.4638398,-0.44700426,3.099723,1.4688518,-1.7062955,LumA
TCGA-BH-A0E6-01,-2.620621,1.1943003,1.3659434,-0.8743183,1.6519969,5.1173425,1.1113776,-4.1659374,2.5455294,2.8683681,Basal
TCGA-D8-A1JA-01,-1.1015227,-1.8233865,-5.305977,3.8890674,1.5187502,-2.0187807,0.65798146,3.0952368,-5.735421,2.0294235,Her2
TCGA-BH-A0BW-01,0.8666664,8.515779,-2.2278905,3.2425883,3.237308,-2.6234076,-0.1729345,0.14949259,-2.169108,-0.32139155,Basal
TCGA-AO-A0JG-01,3.0185614,2.00448,1.1561743,-1.105679,0.28741693,-0.13308413,-1.3477874,1.5232807,1.6607258,-1.6777492,LumA
TCGA-B6-A0WZ-01,-1.6609086,-3.5732608,1.7854515,-2.0327537,-1.645906,1.469157,1.987392,-2.7871013,-3.882695,-2.832437,LumA
TCGA-C8-A135-01,-0.17627639,0.16502288,-2.119731,2.2740536,2.6226816,3.5989692,-0.7359547,0.91809505,-1.5558453,2.5498257,Her2
TCGA-BH-A0E2-01,1.0462859,-1.4283994,0.8801185,1.6298606,1.7971715,2.7418253,-0.32791305,-0.56584793,-0.55685323,-0.25244474,LumA
TCGA-BH-A0BJ-01,1.8098292,-0.48799452,0.7118446,-0.21731527,1.4154472,1.7949022,-2.058523,0.5813814,-0.5150404,-2.227242,LumA
TCGA-BH-A203-01,-0.42546913,1.4296243,-1.0654123,1.7551919,0.25596797,0.29836562,0.65558267,1.2741998,-1.756075,0.31129888,Her2
TCGA-BH-A0C7-01,2.41423,-0.06903907,0.7730075,2.277027,0.3748144,-1.3590151,0.7411935,0.5802583,-0.79898924,-1.9043052,LumB
TCGA-AR-A1AR-01,0.26877812,6.155544,-3.4250658,-0.7109187,2.3619785,-1.5373418,-1.0464153,2.3063538,-1.524741,2.8932853,Basal
TCGA-D8-A13Z-01,0.9276771,2.1805904,-2.3518276,3.8352492,2.325832,0.83290565,0.48716864,-0.013070695,-3.1805487,0.16218802,Her2
TCGA-A2-A0CU-01,2.2566679,-1.8712677,2.386991,1.1659614,-0.18237427,-0.7228374,0.77677506,-0.26602024,0.8466979,-1.1672864,LumA
TCGA-BH-A0AZ-01,2.696977,-0.34172916,-1.4851638,-1.9640229,2.6431837,2.6786375,-0.76976115,-0.023679538,-1.277864,-0.90333354,LumA
TCGA-B6-A0IB-01,-2.2935436,-3.127482,4.63471,1.4080027,-1.2666738,1.5683115,2.8084805,-2.235997,-0.665816,-2.8719125,LumB
TCGA-A2-A1G1-01,-1.3470715,4.6398253,-4.0200562,0.5646181,2.919829,-2.317915,-0.9441993,1.3362348,-2.6440241,4.782782,Basal
TCGA-B6-A0RS-01,-2.2651205,0.6819228,-1.9385074,2.2895346,0.7746104,3.48977,1.6821328,1.2907509,-1.5168045,0.72808677,Her2
TCGA-AR-A24H-01,0.52494353,1.8502276,0.52741027,2.9137845,-1.9657425,-3.3685563,1.5402929,2.4986284,-1.8238426,-0.30051562,LumB
TCGA-A8-A099-01,1.5771596,-3.813107,-0.7886105,0.514205,-0.999653,0.88232183,-4.7356143,5.418067,-1.2298847,-4.6872153,LumA
TCGA-AC-A23H-01,0.6854332,-3.4692872,-4.04352,4.900637,1.3983313,-0.16498423,1.0228894,1.4459395,-4.467403,2.0313783,Her2
TCGA-A8-A09R-01,3.6061153,-0.6789608,-1.3597881,2.6144683,0.3388733,-2.1663399,1.3921664,2.4093986,-1.3841534,-2.0005147,LumB
TCGA-BH-A0HU-01,-2.8412457,-0.6503483,1.7513351,1.7690305,-1.0775939,0.47847676,2.0818126,-0.12270705,-1.6792345,-1.5258427,LumB
TCGA-D8-A1XC-01,-0.12120091,-8.193463,2.6993797,0.33024907,-4.051828,-1.9515706,-7.6201153,3.4533224,4.047626,-4.696812,LumA
TCGA-EW-A1P0-01,-0.3117547,-1.056017,-0.43310434,0.64462143,-2.9300632,-0.32680556,-0.47683123,3.7257156,0.62025315,-0.70324314,LumB
TCGA-E2-A15M-01,2.9760375,4.490659,-1.3891507,-1.842546,0.9824752,-1.0721507,-1.2796276,2.9754343,-0.22344585,-0.2870107,LumA
TCGA-E2-A1II-01,-2.079214,9.123298,-0.050052807,3.7764382,0.87137127,1.2897888,0.18760446,3.1092162,1.8576564,7.224227,Basal
TCGA-A8-A09B-01,1.27427,-1.2950974,1.7795464,0.09724293,-0.40629914,-0.70709705,1.7324154,0.031017274,-1.3937433,-2.8916893,LumA
TCGA-A2-A0EV-01,0.6163139,0.07299748,-0.7088693,0.66495574,0.45110753,1.0535128,-0.07618919,1.893911,-1.0475979,-1.4225872,LumA
TCGA-A2-A25B-01,0.5094956,-1.2577677,-2.8308802,1.8229947,-1.1515445,-0.7320413,-0.41917565,4.515367,-2.764141,1.515831,LumB
TCGA-AO-A03R-01,-2.9845915,-0.725174,3.0609407,-0.28007898,-0.028371207,3.624229,-0.5799667,0.7361659,2.736827,0.7168487,Normal
TCGA-A2-A0ER-01,1.399255,-2.93971,0.9129678,0.4080677,-0.72496927,0.5001306,-2.9095016,2.3956418,1.0754249,-0.72858983,LumA
TCGA-BH-A0B8-01,1.5037194,-2.9743078,0.97323775,1.7090963,0.6104617,1.4380484,-2.1907191,1.2213166,0.15553205,-0.76013726,LumA
TCGA-BH-A0BA-01,2.3540742,1.4415306,0.7466377,-0.89811647,0.90661865,-0.25219005,-0.6537239,-0.11627638,0.14957707,-1.5160544,LumA
TCGA-A8-A08J-01,0.5045504,-0.6453688,-1.0804613,1.8914324,-0.097103566,-0.0066414997,1.3242669,0.9166711,-1.3831388,-0.38781434,Her2
TCGA-A8-A0A9-01,1.0516571,-1.2617272,-0.40511957,0.5499853,-1.391756,-1.5483427,2.8362567,1.9734964,-1.2934668,-3.2600417,LumA
TCGA-BH-A0BM-01,1.1114565,-0.16426688,1.4361798,-3.9297087,0.94549096,2.8335083,-0.90060496,-2.183567,-1.5766059,-1.8010316,LumA
TCGA-A2-A04T-01,-1.7492467,5.633583,-0.079156846,1.8507049,1.2180793,-1.2697052,1.181193,-2.7615206,1.2282234,1.7986207,Basal
TCGA-E2-A14R-01,-6.4832163,5.2245984,0.25335664,2.8026068,-0.7861317,0.18878433,2.8312805,-2.1986866,1.2396909,2.4497564,Basal
TCGA-AN-A0XW-01,1.4426835,1.1747147,-1.5663002,0.44557804,0.69604045,1.6186236,0.8493186,1.6490119,-1.2480879,-1.3157966,LumA
TCGA-A8-A07J-01,3.8496225,0.9717999,-2.571666,-3.743535,1.0057995,1.5760969,-0.51321393,3.3639324,-0.95762336,-2.2436619,LumA
TCGA-A2-A0SX-01,1.8569545,5.9245305,-1.6967152,0.6110817,1.7533258,-1.5056562,0.19938101,0.020242203,-0.5116768,-0.13999586,Basal
TCGA-A7-A26G-01,2.0629413,4.988255,-4.102567,-0.79036,3.57974,-0.9369087,-1.4268839,0.45595232,-1.3758278,1.7503419,Basal
TCGA-BH-A2L8-01,0.94914335,2.4526308,1.7224468,0.41060427,0.4795247,2.3572166,1.7523028,1.2295792,-0.71936995,-2.7503586,LumA
TCGA-BH-A0BS-01,-0.4586188,-6.2205577,0.20173097,0.62724715,0.7135149,3.0613382,-5.9704456,1.9609195,-2.6297004,-2.7427602,LumA
TCGA-EW-A1P7-01,2.8850532,6.268769,-0.9192338,-1.1540693,1.9619042,0.68694186,-0.49589935,0.1023334,0.5225069,-1.2528467,Normal
TCGA-AN-A0AJ-01,-2.1944492,1.0747349,-0.04717043,3.3335338,-0.91775906,1.8265214,1.5879644,3.5166762,-1.1506003,-0.6541469,LumB
TCGA-B6-A0IC-01,-1.3463577,-7.0106764,5.657761,0.2847018,-5.145232,-4.318414,-1.4981927,2.5592566,1.133632,-6.4676332,LumA
TCGA-BH-A0DO-01,2.7130497,-0.1780136,2.0793407,-2.1702836,0.8638566,-0.35123792,-1.2956953,-1.903722,-0.22156537,-3.401494,LumA
TCGA-E2-A14N-01,-7.355788,4.0334053,-1.3156583,0.73940593,0.40689653,-1.942154,0.07518549,-0.6678204,1.0244663,6.388084,Basal
TCGA-GM-A2DF-01,-2.8042762,3.1602015,0.20015106,-0.016779978,0.72490287,3.2001655,1.879681,-2.2595925,1.5719607,1.8119345,Basal
TCGA-BH-A0BG-01,-0.520238,5.3156753,-1.0526408,0.63034636,2.417101,0.14495538,0.43998918,-1.2016863,0.4846729,1.7699733,Basal
TCGA-A8-A06Z-01,-3.127296,-6.2971854,-0.1833755,1.9419208,-5.4468694,-0.30224982,-1.6124095,4.243755,-1.3365301,-1.0476689,LumB
TCGA-AR-A24W-01,4.095991,0.8537558,-0.5885266,-2.1240888,1.5218251,-0.41610762,-1.679054,-1.7097296,0.085820556,-2.4010122,LumA
TCGA-AN-A0AT-01,-1.728788,4.4639378,-0.7452758,2.5745902,1.624087,-1.225658,0.46267274,-2.7784307,0.50142777,2.4873307,Basal
TCGA-BH-A201-01,2.089348,-0.68865275,-1.0243762,0.20122124,1.3410013,-0.5252922,0.04120996,-0.9811406,-1.0663707,-1.988514,LumA
TCGA-GM-A2DL-01,-0.01606027,-1.6811807,-2.3321319,-1.6692122,0.13035162,2.7479422,1.1841571,1.1918216,-1.249292,-0.32094866,LumA
TCGA-D8-A1XS-01,0.82319695,-0.5313887,-0.95677704,-0.20998375,-0.7537121,-1.3949435,1.2193329,1.6844201,-1.3765539,-0.89376116,LumB
TCGA-A1-A0SB-01,2.3799937,-0.20041859,-1.1668856,-1.4728087,-1.67349,-3.382763,-2.073146,-9.753617,2.45479,-2.0601416,Normal
TCGA-EW-A1P5-01,1.5108045,-1.7043303,0.35382462,1.7084906,-0.062549606,0.29018542,1.1325858,3.408963,-1.2292337,-4.978948,LumA
TCGA-BH-A1FN-01,-0.4843829,0.09970782,-2.1550379,2.011774,1.1052017,-1.8688923,1.6928566,-1.0308325,-2.2544377,-1.2121148,LumB
TCGA-A1-A0SJ-01,2.0795536,-1.4582732,1.0212665,1.3518759,1.919289,2.295226,-0.9070319,-0.5441045,-0.06583314,-0.31590378,LumA
TCGA-BH-A18I-01,2.1614034,0.8402925,-1.1424831,-0.7848824,0.4627232,-0.26109385,1.2958553,1.4149172,-1.2320098,-1.9794459,LumA
TCGA-AN-A0FY-01,1.0134112,-0.99129367,0.8919835,1.3380635,-1.6163822,-1.657619,3.6302633,-0.4007275,-0.7742319,-1.868674,LumB
TCGA-D8-A27V-01,1.9147131,0.10828278,-0.026630357,-1.4962846,0.7398245,-0.1066131,-1.6382537,-0.23485735,-0.45378995,-1.6306264,LumA
TCGA-AO-A03U-01,0.61660874,2.2470546,-2.581261,-1.3710487,2.5540013,2.098269,-1.2033652,0.88908845,-1.0022378,0.66328865,Normal
TCGA-E2-A14Y-01,-6.3450465,-2.4232492,-2.7622943,6.2816005,3.143865,3.8477635,0.58719516,-0.65679693,-3.0875583,5.903734,Basal
TCGA-A8-A06Y-01,-3.4085894,-2.8482292,1.9738925,2.1976283,-0.9071907,-1.2929057,-2.6769512,-0.19838437,-1.8267459,-2.1073442,LumA
TCGA-AN-A041-01,2.494736,-2.1907053,-1.7271262,0.9603423,-0.17052487,-0.6720501,-0.39492768,0.86651814,-1.2074149,1.5736327,LumA
TCGA-E9-A1R2-01,1.7861373,0.35289374,2.5369868,1.5993294,-0.4049863,-1.013998,2.0643427,0.35356674,0.108576685,-2.6771271,LumA
TCGA-BH-A0B2-01,1.8010844,2.1503751,-0.71944493,-0.35336652,0.95004755,1.3791856,0.47886765,1.2724683,-0.6696451,-1.7460756,LumA
TCGA-A7-A0CJ-01,-3.3206787,-1.2897521,0.53642267,3.0402782,-2.1958447,0.2719334,2.5968413,2.059331,-1.4229116,-1.6486313,LumB
TCGA-BH-A0H0-01,-0.08049623,-1.5770497,3.0957944,1.2727232,-3.2310205,-2.2895916,0.098253384,3.685979,0.34323078,-0.7883106,LumB
TCGA-AN-A0FW-01,0.6579626,-1.3879925,0.7083294,0.29290068,0.6593999,1.6060474,-1.2272755,0.5285254,0.2502938,0.61992556,LumA
TCGA-E2-A1B0-01,-0.09884434,0.88913465,-2.704765,2.4025588,1.84777,0.29166493,0.30058396,1.1343423,-2.6816103,1.7631538,Her2
TCGA-E2-A156-01,1.8787204,-7.647532,3.0520613,0.43108878,-3.0920339,-2.5298889,-0.7941945,2.3912165,-1.1363374,-7.0585427,LumA
TCGA-D8-A1JP-01,0.9644127,-0.06250783,-1.1354122,-0.3599145,0.24307379,0.028370094,1.9930563,-0.057417553,-1.2998452,-1.5850773,LumA
TCGA-C8-A12K-01,-1.1733526,6.673574,-0.1306196,2.3452418,1.6710371,1.1141344,0.7010957,-0.09051159,0.5923977,1.9243233,Basal
TCGA-AR-A2LE-01,-0.119042315,-2.0098426,-0.010509238,-0.55839074,-1.2626362,-0.4157203,-3.1146107,2.2019725,-1.1079249,-1.3306506,LumA
TCGA-BH-A0HK-01,-0.4998568,-1.8059099,-0.18202597,0.39187795,2.126668,3.5142312,-2.1199026,0.9420962,-0.8449967,0.40549654,LumA
TCGA-AR-A250-01,2.3090398,-0.2398332,-2.5241323,1.2734884,0.20816204,-1.2381734,0.666072,2.5589461,-2.241014,0.54531044,LumB
TCGA-D8-A1JG-01,0.82516927,2.31735,-2.8729637,5.735765,2.225988,1.5724083,0.21579956,3.0278199,-3.423828,2.6675901,Her2
TCGA-C8-A134-01,-0.7225216,5.833364,0.09348477,1.8152804,1.0669782,-0.55920684,2.0088773,-2.7720437,-0.099041164,-0.7445037,Basal
TCGA-AN-A0FX-01,1.7347559,2.7790747,-1.5309358,1.2068672,2.6360683,-1.5536253,0.5898854,-4.956779,1.2617066,-1.1628282,Basal
TCGA-A8-A0AB-01,0.9136786,-2.2218068,0.9906055,0.9477812,-0.5670493,-2.4537368,0.31433567,-0.3441933,-2.7996275,-3.2148054,LumA
TCGA-C8-A275-01,0.09055273,2.4073372,-1.8980114,4.3485665,1.4708135,2.6299498,0.20526713,3.3101132,-2.332701,2.0677454,Her2
TCGA-BH-A1F8-01,-0.50729555,-2.2875035,-2.0764267,2.165138,-1.0050085,-1.1641555,-1.8194641,4.0299177,-3.6130853,1.1996589,LumB
TCGA-D8-A1JK-01,-1.5155519,0.6399439,-3.8333323,3.151704,2.365788,5.1150813,2.055462,1.9306673,-2.4919415,1.1669428,Basal
TCGA-A2-A0YJ-01,-8.526603,-3.8190265,-5.8646984,5.983141,5.744403,0.08536899,-0.9473609,-5.1362805,-2.4192297,5.8503237,Basal
TCGA-A8-A08X-01,-2.5395515,-0.11428707,-3.3507168,3.5024536,1.9847057,4.79807,1.0974301,2.425492,-2.1402462,2.8984473,Her2
TCGA-AR-A2LN-01,6.1840734,3.4962347,-0.42418775,-3.6979315,1.8565266,-1.5844918,-0.38916594,0.4799267,0.4127488,-4.0230722,LumA
TCGA-E9-A1R6-01,2.0482142,-3.745812,0.7186023,1.800801,-2.439455,-1.5476406,4.363389,1.9676744,-1.0061053,-2.669687,LumA
TCGA-AO-A0J4-01,0.12570463,5.6346664,-1.1659573,1.6883492,3.114757,-0.7210049,0.69868755,-2.481471,-0.5547401,0.106637836,Basal
TCGA-A8-A09A-01,2.9415205,-0.69546145,-0.817656,1.316252,1.2842131,0.23855542,-0.98264545,0.6396892,-0.7525095,0.23774892,LumA
TCGA-A8-A08O-01,2.3876836,-2.0720506,0.50771475,0.120335184,0.12815058,-1.072357,1.2287014,-0.5014179,-1.0026116,-1.7742043,LumA
TCGA-A2-A0SY-01,0.9824751,0.630493,-0.19316812,-1.2393637,0.9084452,1.8579133,-1.2980398,1.4163979,-0.21540953,-0.86132747,LumA
TCGA-EW-A1PA-01,2.129548,0.3262366,2.080886,1.0470867,-0.7257095,-1.1768157,1.6236274,0.45870566,0.47234088,-1.0239964,LumA
TCGA-AO-A126-01,-1.1467516,-2.0281074,0.92598796,-3.9511683,-0.604108,3.4565308,2.7106426,-1.0484698,-1.1024837,-0.788078,LumA
TCGA-AO-A0J6-01,-5.188233,4.359118,-0.9727013,4.766359,1.6382785,0.9170878,1.2607352,-0.7707049,-1.8453681,2.0067298,Basal
TCGA-A7-A13G-01,-1.0547034,-0.86577904,1.4021271,-5.5729947,-2.5871196,-5.729206,-4.4841375,1.566209,-1.8309982,-2.2580476,LumA
TCGA-AR-A1AS-01,-2.662553,-5.561803,-2.4257412,1.0479093,-1.4307086,2.529594,2.0993812,0.08761843,-4.3869953,-1.9798996,LumA
TCGA-C8-A1HJ-01,-3.3369918,3.7350407,-0.7007507,0.70699686,0.8111561,-1.4254594,0.70030624,-2.8383977,2.037265,4.9962735,Basal
TCGA-D8-A1Y1-01,0.91217405,-3.12515,-2.7485971,-0.47218767,-0.9402461,1.0524316,3.1014237,1.7670612,-2.5447114,-1.8342631,LumB
TCGA-B6-A0IE-01,-2.3933866,-1.2374105,3.728092,-0.098633036,-0.062412515,3.4420164,2.133247,-2.5830379,0.3377853,-0.51079214,LumA
TCGA-BH-A0DD-01,0.29345793,-0.73091346,-0.522141,2.690153,-1.6486366,-2.6611931,2.6034868,2.5453897,-2.012065,-3.1657727,LumB
TCGA-A2-A0YT-01,0.6267774,-0.7399829,1.0945795,4.1873956,0.99651134,1.7948004,-0.48219818,1.2510717,-0.87573326,-0.45492786,LumB
TCGA-A2-A0EN-01,1.7967278,2.1128232,-1.0901763,-1.6674439,0.66215545,0.69818914,-0.5559998,1.7918783,-0.4058336,-1.2739446,LumA
TCGA-E2-A10C-01,-2.9347951,2.9748654,3.7940345,0.8930904,-1.2685114,1.8295153,5.1068935,0.25358555,-2.6640153,-2.721654,LumB
TCGA-A2-A25F-01,3.01308,8.148761,-2.9284635,-0.89334434,2.0503945,1.0118136,-1.5915323,4.4026113,-0.23124132,1.5678806,Basal
TCGA-A8-A08L-01,1.8405854,2.200496,1.2218773,3.9254549,-0.6826528,-0.7469278,2.1901853,-0.5637808,-0.9594196,-0.51479095,Her2
TCGA-A2-A0D4-01,0.3378984,-2.919341,2.3213198,1.9396087,-0.9813907,0.6449588,0.614616,0.5156922,-0.4352488,0.23834911,LumB
TCGA-EW-A1IW-01,2.1212184,0.9011332,-0.06981632,0.7883025,1.3376976,0.64056176,-0.30802804,-0.37956846,-0.93136615,-1.9723773,LumA
TCGA-B6-A0IQ-01,-4.8188252,4.5721664,0.84206736,2.1591632,-1.341251,-2.260299,2.667219,-2.795993,2.1067092,2.4517796,Basal
TCGA-BH-A1EW-01,2.0418868,1.4232607,0.6263023,1.5890373,0.75701296,-0.24459359,-0.16382441,1.2058169,-0.6133739,-2.1298568,LumA
TCGA-BH-A1FG-01,-3.495207,-4.0847716,1.4349236,0.23426847,-1.230596,3.1928883,-0.6440054,1.3772397,0.96127075,-0.1040621,LumA
TCGA-AR-A0TS-01,3.345337,8.450882,-1.4707022,0.619349,2.0316453,-2.5625503,0.26937526,-0.75934386,0.18385325,-0.8194218,Basal
TCGA-A8-A06X-01,-1.1094424,-1.2201173,-0.0376309,3.239974,-0.8827689,1.7356461,0.515183,3.5714896,-0.88531,-0.2086892,LumB
TCGA-D8-A140-01,1.7921662,1.1199605,1.5571934,1.0871303,-0.935984,-1.134788,0.35895625,3.4696965,-0.08084536,-1.5500329,LumA
TCGA-A2-A0CZ-01,1.941894,0.64607227,-0.80389565,-2.2721684,1.9617714,2.7614415,-0.69472754,-0.17515413,-0.18570346,-0.33091795,Normal
TCGA-AN-A0XS-01,1.4950215,0.8007381,0.053024627,-1.9164094,-0.09262259,1.3463596,1.7262787,1.1209105,-0.799039,-1.6621237,LumA
TCGA-A2-A04Q-01,-0.94696593,5.190569,-0.44351187,-0.28880334,0.77329403,3.1658092,0.5431503,2.1178484,1.103454,2.4624896,Basal
TCGA-A8-A076-01,0.8814534,-0.06167317,-1.5085157,1.9616494,0.3057058,-1.0998931,0.8630819,1.7033216,-1.9051893,-0.6474932,LumB
TCGA-BH-A0BV-01,1.8670968,-0.82890856,-0.7193471,0.39375445,0.49009496,1.9716792,-1.1457237,3.6521962,-1.115253,-2.5019891,LumA
TCGA-E2-A109-01,2.2043185,-0.1586814,0.37651396,2.50898,-1.2316769,-0.8917108,0.99069256,1.3493726,-0.5778005,0.3175011,LumB
TCGA-BH-A1FL-01,1.0913047,0.20286977,1.8502517,-0.83825976,-0.3270659,-1.6080568,1.2544278,0.47523257,-1.3849105,-2.9949148,LumA
TCGA-E9-A1NI-01,-0.09857605,-2.6537786,-0.5022994,0.85298365,-0.39301828,1.0043889,3.735318,0.51493025,-2.2975495,-2.6905966,LumB
TCGA-A8-A07R-01,-3.4869537,-0.010505244,-2.262895,5.2346306,3.595533,0.4689846,-0.0147527885,-3.358121,-1.7134587,1.5304842,Basal
TCGA-AN-A03Y-01,-2.9489565,0.36131933,1.047772,2.0186198,-2.3356895,-0.20413439,1.7833812,3.628929,-0.6489035,-0.8794367,LumB
TCGA-BH-A1FH-01,5.9517756,2.0269773,-1.7947987,-2.0961149,3.0495405,-0.7496047,-1.1811979,-1.0612173,0.4722529,-2.654815,LumA
TCGA-AN-A0XN-01,0.18200766,-1.9610059,-5.4794607,-1.2401228,1.8239332,0.9149944,1.854032,1.5968465,-2.3859491,-0.6264864,LumA
TCGA-A1-A0SK-01,2.184216,0.34402293,-0.9604482,6.4245534,-1.8345703,-5.0212436,1.8766141,-7.246579,1.4990162,4.1304855,Basal
TCGA-BH-A0AU-01,1.7694054,0.099541925,0.5804892,1.718552,0.14937738,-0.6137622,0.7559159,1.1294876,-0.8237587,-1.8403833,LumB
TCGA-AR-A1AQ-01,-2.87286,3.648221,-0.35907948,2.0912364,2.3355675,4.4374685,0.038500182,0.37003312,1.7161124,5.0557656,Basal
TCGA-GM-A2DB-01,-4.123984,1.209782,1.1605281,1.6570497,0.042083118,4.1589823,3.7611628,-0.9111231,-2.1604075,-0.6877436,Her2
TCGA-E9-A244-01,-3.994519,2.1351056,-1.8968594,-0.18166748,2.3264766,-0.19706973,-0.43564713,-2.3343353,0.9873796,4.215985,Basal
TCGA-AN-A04A-01,0.6997927,-3.1551418,-1.0022224,1.3057047,2.9505897,3.9723465,-1.40764,0.03337503,-1.1761535,0.6622784,LumA
TCGA-E2-A14O-01,-6.5383,-5.1974745,0.71542925,1.0729647,-3.0403447,5.1075454,3.4044285,1.8504157,-1.0959166,-0.20545873,LumB
TCGA-A7-A0D9-01,2.5128353,-2.4807224,0.7262352,2.1513455,0.0012936965,-1.1794155,1.1507802,-0.85871845,-0.86147356,-0.8999012,LumA
TCGA-AO-A0JJ-01,2.4735024,1.7241138,0.6119175,-1.4532323,1.814502,2.8844004,-2.483303,1.9546076,0.5865376,-2.2452142,LumA
TCGA-E9-A1RE-01,1.4019248,-1.7075032,0.09793345,1.4841429,-2.8881116,-1.6690259,1.4426394,2.6718175,-1.2246164,0.88159066,LumB
TCGA-AN-A046-01,-1.6839776,0.792668,-1.2591106,-0.2518445,-1.3906109,1.1713072,0.28510454,3.6503646,-0.6600685,-0.80810875,LumA
TCGA-AO-A0JF-01,3.237022,1.4285923,-1.2769598,-2.5549269,2.107211,1.6285819,-1.7931185,1.9283472,-0.8165264,-2.1741977,LumA
TCGA-A2-A0T0-01,-3.77738,0.28153288,-2.75676,1.2864137,1.6509295,1.430662,1.3536729,-1.8957778,-0.7003467,2.0803382,Basal
TCGA-A8-A07P-01,0.73389524,-2.7379365,-0.708,0.2209555,0.17425326,2.3828866,-1.781216,3.1692514,-0.5434855,-0.29831386,LumA
TCGA-A7-A3J0-01,2.4851334,-1.327302,3.839601,1.3017671,-0.9496504,-0.51345336,-3.337888,0.9786711,5.0142736,-3.615616,LumA
TCGA-C8-A26Y-01,-0.20114696,2.3527112,0.24179459,5.041769,-0.024810843,-0.7079522,2.6385572,-0.71371484,-3.295628,-1.2448506,Her2
TCGA-A7-A26F-01,-3.462445,3.6574416,-4.2703815,-1.7721466,0.24871449,-6.326371,-0.65623736,1.9076881,-5.0432377,5.1562376,Basal
TCGA-BH-A1EV-01,0.14145675,-2.053129,-1.9942625,2.7768857,0.8754773,-1.1841658,1.2314018,0.060589697,-3.7433372,-2.374985,Her2
TCGA-AO-A03V-01,0.87407964,-0.7437549,1.4927367,1.3130635,0.3555131,0.31029034,0.28340328,-0.9112913,-0.70887303,-1.4968629,LumA
TCGA-AO-A125-01,-6.406514,-7.1952515,7.2607465,-4.117214,-7.834724,-5.2086535,-1.4030718,-2.8624985,-2.052991,-5.407957,LumA
TCGA-E2-A15E-01,1.8511033,-0.90119493,0.7158503,0.6178129,0.98275054,-0.94072837,-0.27688324,-1.9420978,-1.2117803,-3.4337046,LumA
TCGA-E2-A15D-01,1.6792915,0.67940015,1.0581646,-1.290953,0.0842039,-0.4237958,1.643124,0.008728426,-1.3227359,-2.8010178,LumA
TCGA-A7-A13F-01,1.1884631,-3.8840091,0.5659651,0.533545,0.4031721,2.2130156,-1.1064758,0.95533925,-0.4019348,-0.35513073,LumB
TCGA-D8-A1J9-01,0.5448122,-1.0938386,-2.8360677,3.1497076,1.3631797,-0.72095424,0.662323,1.7554201,-3.5575788,-0.26527333,LumB
TCGA-AO-A0J9-01,-0.9593197,0.45149615,0.46911025,-3.464496,0.38576576,3.4192772,0.46428597,0.6264467,-0.10018653,0.89861745,LumA
TCGA-C8-A12M-01,0.45769534,-2.825657,2.3239732,4.6557665,-5.9970145,-2.46181,-1.7234342,7.115881,-1.3284966,4.5808806,LumB
TCGA-C8-A26V-01,-0.943331,-1.2098587,-1.269501,2.1265595,0.10996522,-0.16720137,0.22306989,1.6612111,-2.3891878,-2.9312694,LumB
TCGA-BH-A1FM-01,-1.8901731,-6.0336075,-5.8184185,1.8979214,-0.8690662,-0.34396097,-0.07412602,4.173288,-5.242507,3.2538228,LumB
TCGA-D8-A1XK-01,-1.5455693,3.974918,-1.17782,3.6630306,2.3281631,-0.4090567,0.594266,-1.3243124,-0.7848983,3.2143354,Basal
TCGA-BH-A0HF-01,1.674035,-0.16232419,-0.48047277,0.9640931,3.0763826,4.707996,-1.2975341,0.6912239,-1.5083721,-1.0688562,LumA
TCGA-E2-A15S-01,3.9182389,-2.1639566,3.630696,3.0646925,-4.0158505,-3.8228996,3.1520169,-0.75570095,0.7320119,0.14794058,LumB
TCGA-A8-A09T-01,-0.3022673,-6.9609084,-2.5084875,-0.7321158,0.77065086,5.305152,0.18660378,1.9386109,-3.960693,-2.392497,LumA
TCGA-D8-A1X9-01,2.0776,-0.8670886,-2.2035134,0.9564057,-0.98050225,-1.4887036,0.83027,2.8500063,-1.7150486,-0.25769937,LumA
TCGA-A8-A09C-01,-0.5752536,-0.9043599,0.7428605,0.43271327,-1.3308364,-1.2423246,1.3729455,0.32638592,-1.3569643,-1.7826369,LumB
TCGA-D8-A1XG-01,2.396044,-4.634393,1.4898363,1.755541,-0.05498325,-2.4799795,-1.9222392,-0.07436343,0.81620437,-4.584349,LumA
TCGA-GM-A2DK-01,0.21359855,-0.05200643,3.08166,-1.896422,1.0951785,4.4189887,1.3164413,-0.86862606,1.009422,-0.46067032,LumA
TCGA-BH-A1FC-01,-4.4925356,5.2850704,-0.84919614,2.9305027,0.7241301,0.4897921,0.48049596,0.55582196,1.0863062,6.210206,Basal
TCGA-A7-A0DC-01,1.2211813,-3.7643602,3.5338213,-3.382638,-5.210543,-7.551291,-0.5205074,0.13824132,-2.2268877,0.71241385,LumA
TCGA-AC-A23C-01,1.4302949,2.0757482,-0.5002704,0.82966757,0.39211193,-1.6550028,0.19017437,1.2111673,-1.6674539,-1.7122271,LumA
TCGA-D8-A1XM-01,3.033945,1.424158,-1.021621,0.038893983,1.169729,-0.6512283,-0.4099675,1.5520808,-0.37488347,-1.5845256,LumA
TCGA-BH-A1EU-01,5.442342,5.1938553,-0.77236134,-3.092205,1.2755542,-2.2624707,-1.0263194,3.0730207,0.5376595,-2.9231238,LumA
TCGA-A2-A0YG-01,0.8189314,-1.1432728,-1.4737346,4.564432,1.2570549,-1.0081044,-0.24826045,1.4878578,-4.0064845,-0.21818379,LumB
TCGA-B6-A0IG-01,-1.0856137,-0.1378187,2.291651,1.6104174,-0.015951723,0.7914595,1.8094223,-0.88066393,-1.2062117,-1.5213323,LumA
TCGA-A8-A09G-01,0.059017953,1.9422386,-0.8812531,2.8374557,0.397895,-0.09031662,-0.42702687,2.8534646,-2.3035955,0.52189094,Her2
TCGA-A2-A0T7-01,2.6198702,0.021848008,-0.52715266,2.1807497,2.4786763,0.34854984,-0.15253949,-1.100569,-1.8048694,-2.9839525,LumA
TCGA-E2-A10B-01,2.20382,-0.82970977,0.15986234,0.9793274,0.8604304,0.43522334,-0.30481437,1.3296242,-0.86787087,-3.36403,LumA
TCGA-D8-A1XA-01,1.9971956,-1.7131958,0.53303397,1.5064429,-1.5375247,-1.7779756,3.3110268,3.07998,-0.72160554,-4.6297407,LumA
TCGA-AR-A1AJ-01,1.8979336,8.209723,-2.3585904,0.6450327,2.0938325,-0.8978884,-0.1551055,1.8640891,-0.88992447,-0.08535142,Basal
TCGA-BH-A0W4-01,2.7119303,-1.772184,0.13135976,-0.57917225,0.75699383,-0.48232302,0.6476162,-1.7233144,-1.2462894,-2.2423418,LumA
TCGA-D8-A1JD-01,1.3063954,-0.6047351,-2.0835984,0.94975394,-0.24008352,-0.72124916,1.3977644,2.5720942,-1.7433835,-1.5825212,LumB
TCGA-AR-A1AY-01,-0.43639448,2.0001466,-2.6661987,2.4696927,2.4303536,-2.981553,0.28685588,-2.9793115,-0.76664865,1.3352308,Basal
TCGA-D8-A1XV-01,-4.422427,-7.554893,1.0743437,-0.8832678,-5.199797,-1.3170729,-7.504424,4.0751767,1.9886284,0.11943784,LumA
TCGA-AR-A0TU-01,-8.299116,6.321727,-0.12426875,2.0698035,-0.49732977,-2.7014127,1.3648783,-1.8282386,3.0813336,7.0234776,Basal
TCGA-A8-A093-01,1.3462315,-2.9135962,0.25774854,-0.47658873,-0.09023431,0.19604772,0.65658724,0.114770226,-1.8928318,-2.4267676,LumA
TCGA-D8-A1JN-01,-3.7321873,-0.60734046,1.4862236,0.38461164,-1.8533807,-1.2134937,-2.0342612,1.7513121,-1.5829626,-1.3321733,LumA
TCGA-AC-A2FG-01,2.9804685,0.25030938,1.7331603,-2.1565201,0.98531395,0.048643753,-1.32049,-1.5912657,0.15939099,-3.0620337,LumA
TCGA-E2-A15R-01,5.062186,-4.6264353,1.4433687,2.5997584,-2.8269243,-3.171286,0.3418083,0.3666898,0.5818044,0.14303735,LumA
TCGA-AR-A24P-01,1.5388753,-0.17228058,-0.7302934,-0.02928626,0.62472624,-0.80037874,0.12140816,0.20171672,-1.2868775,-1.9334116,LumA
TCGA-AR-A1AU-01,3.2438762,-1.0875765,0.29690528,1.2013309,1.7016819,-0.2594533,-0.29174763,-1.163523,0.1665273,-2.0508287,LumA
TCGA-E9-A1NG-01,2.2452865,-1.0485241,-5.1073937,-1.8816423,1.9001486,1.8083185,1.3305405,2.3020759,-2.7040558,-1.5996232,LumA
TCGA-AN-A0FZ-01,0.3875245,-3.1558228,-0.09348369,2.1385145,-0.3564362,0.14198457,0.51120794,-0.072269246,-2.162342,0.4247648,LumA
TCGA-AN-A0FL-01,-9.198906,-4.648104,-1.0157821,1.3658537,0.74100876,4.2198386,-1.1585057,-3.460665,0.605928,7.1779017,Basal
TCGA-A2-A0YD-01,4.325812,1.3157401,-0.79812276,-1.0417036,1.7261674,-0.49325368,0.11947835,1.8398409,-1.0560507,-3.6052833,LumA
TCGA-EW-A1J2-01,3.3004062,1.7131008,-0.6642401,-1.5745453,1.1792448,-1.3218455,-0.13045017,0.47854668,-0.47421724,-2.897617,LumA
TCGA-C8-A12N-01,0.9052488,-1.9967616,-0.630946,-1.464701,-0.6986913,0.57965463,3.302113,-0.017585227,-2.7577095,-2.8383043,LumA
TCGA-A2-A0CV-01,1.3957386,0.15008911,0.95261693,-1.8132529,1.6671429,3.511116,-1.0413558,-1.187741,-1.849539,-2.515667,LumA
TCGA-A8-A0A1-01,3.0465024,1.4013225,-2.2359674,-1.2459247,0.10671512,0.32637298,-0.48208648,5.7361393,-1.9414253,-3.950016,LumA
TCGA-A8-A08Z-01,3.0238476,0.3972058,-2.901441,-0.608055,0.73298126,-1.600843,2.2665846,2.4980116,-2.7759907,-3.0399816,LumA
TCGA-AR-A2LL-01,0.56484115,-0.3354682,0.6872954,0.35165253,-1.7868418,-1.3681947,2.8523932,2.118003,-0.8238695,-2.6162288,LumB
TCGA-BH-A0BC-01,1.3089087,0.19864863,0.33462965,0.26705334,1.4292581,3.288025,-1.7318131,1.9346176,-0.41753316,-1.4434521,LumA
TCGA-AR-A0TV-01,-1.900083,0.562333,2.354472,3.3177779,-3.3952508,0.66149145,1.8549091,6.230928,1.5828167,-2.5517483,LumB
TCGA-E2-A154-01,0.21127293,-4.5774693,-0.4570303,1.065862,-0.8313062,-0.90858155,2.37605,0.87374026,-4.386357,-4.516385,LumA
TCGA-AC-A3OD-01,-4.323303,2.4087837,0.55994356,-2.986644,-1.9952658,-2.7263927,-2.2258787,3.8408403,0.089687765,3.8568761,LumA
TCGA-AR-A1AX-01,3.0806553,4.5395737,0.16631436,0.60094285,0.39690858,-0.6574414,0.014704632,2.3947697,-0.043802373,-2.1342032,LumA
TCGA-AO-A124-01,-3.7827713,3.4795113,-1.2954,4.553559,2.240685,-1.5855254,0.9811619,-3.8209279,-1.6079017,0.7342039,Basal
TCGA-A8-A09D-01,3.1454194,0.4410072,-1.8033818,0.42536294,0.9316905,-0.08594419,0.07390646,1.6789407,-0.9460772,0.05476293,LumA
TCGA-AN-A0XO-01,0.5186457,-2.5794616,-0.5261978,1.1185067,1.4293058,0.47928274,0.46305612,-2.3721993,-3.5920537,-2.5040457,LumA
TCGA-A2-A0D1-01,-4.4077783,-2.0793853,-0.30553412,3.4028873,-3.0148263,-0.23868713,1.5781341,-0.8174339,-2.6204228,2.8086095,Her2
TCGA-AO-A0J3-01,-1.4356447,-3.7515042,4.1178527,2.3569238,-5.457641,-1.3278699,0.32135928,3.3601837,1.0127327,0.67998546,LumB
TCGA-A2-A0ST-01,0.88361603,7.1439776,-0.08073601,0.36591193,1.0673902,2.5006077,0.08227896,2.138149,1.5626742,1.1395922,Basal
TCGA-A2-A25A-01,3.8245082,2.5729995,-0.39659774,-2.1324856,1.4668025,-0.044552226,-1.011817,-0.7025933,0.40951812,-2.1291964,Normal
TCGA-C8-A1HK-01,-0.42925814,-1.2732375,-1.3355626,4.461142,0.43690884,1.3637946,-0.92449677,2.2895844,-2.9972703,4.3610945,Her2
TCGA-AR-A0TR-01,-1.3140264,-0.8953582,5.6689363,0.8224559,-3.9206738,-3.2543232,-3.5112417,6.5262003,2.8817499,-4.707854,LumA
TCGA-E9-A1R3-01,1.7161642,-0.6252205,-1.2146671,-0.5889641,0.78618234,0.23716146,0.80053866,0.6939489,-2.1048105,-2.8713925,LumA
TCGA-E2-A1LG-01,-4.525182,2.1102917,0.29031488,5.0603895,0.5588052,-1.0244466,1.2197913,-1.3342555,-2.046699,2.8195899,Basal
TCGA-E2-A1LK-01,-8.378197,1.7118948,-1.3762282,3.4480593,-0.51827645,-1.7217392,1.7828858,-6.3277497,-0.21521546,1.3186958,Basal
TCGA-B6-A0RT-01,2.1119776,8.287982,-0.23906723,0.71989506,0.95345825,0.0053241234,0.5166566,1.6116558,0.73533475,-0.6155969,Basal
TCGA-BH-A0HB-01,-0.87604547,-1.0237304,0.90309477,2.694273,1.8584555,6.3498206,-0.12410395,1.3853209,0.09572676,-0.2882176,LumA
TCGA-C8-A3M7-01,3.1141238,2.0499692,0.74256814,-3.097032,0.6921693,0.6333651,-0.3014215,-1.8746235,0.5770631,-1.5428536,LumA
TCGA-A2-A25E-01,0.5606853,0.018183395,0.3223935,0.55144364,-1.214605,-1.1892519,0.28656653,1.3128572,-0.3801207,0.29968587,LumB
TCGA-A8-A07C-01,-0.99219835,6.076094,-2.125237,1.825402,0.9987954,-3.9442453,0.06092103,-1.1928912,0.27082837,5.975611,Basal
TCGA-E9-A245-01,2.597407,-2.964453,3.9401383,0.11867977,-0.5783852,-0.58736515,-2.6848202,-0.7145405,4.1632805,-2.7811291,LumA
TCGA-B6-A0X0-01,-2.4605563,-4.6616383,4.393877,1.7886491,1.0014396,3.2083123,-3.6117432,-2.0925193,-3.8728876,-5.174248,LumA
TCGA-AR-A2LM-01,3.922955,1.2377036,-0.7361162,-1.3539467,1.5153462,-1.630803,0.0076799653,0.0063061737,-0.8258848,-3.7712197,LumA
TCGA-A8-A06Q-01,-7.375924,-2.6817513,1.1513559,3.485356,-4.006947,-3.252738,-2.3612041,3.6144419,-3.594574,-0.7233262,LumB
TCGA-E9-A1R0-01,1.7336249,0.1399933,1.01532,-1.6901493,0.4281754,1.1229712,0.23805423,0.3734252,0.07290104,-1.2290583,LumA
TCGA-BH-A0DZ-01,-1.5042021,-5.670035,-4.368818,2.8310566,6.987561,12.735556,-2.7577422,3.8793743,-3.7662423,4.982227,LumA
TCGA-AN-A0XP-01,0.122770585,-3.7870207,-0.64018804,-0.24073361,-0.7614865,0.3731045,-1.2289592,1.9575182,-3.4893003,-4.303575,LumA
TCGA-E2-A1IN-01,0.6640189,-1.5969448,-1.4178034,-0.91405255,0.17351232,0.5116214,1.5151933,-0.2983873,-1.9115094,-1.0679548,LumA
TCGA-E2-A1L7-01,1.5794835,2.2256734,1.6364446,2.0969086,-0.44329357,0.40731314,1.1776751,0.4593492,0.1423493,-1.045433,LumB
TCGA-A8-A095-01,0.95848256,-0.2858656,0.9983169,0.89686143,0.63477,0.052465208,-0.5264182,0.15338145,-2.0628505,-3.2690573,LumB
TCGA-BH-A0EA-01,3.9332767,0.68766093,0.18816349,-2.839148,1.4154692,0.779349,-0.3997814,-1.4315537,-1.1802692,-3.259508,LumA
TCGA-E2-A15A-01,0.45907488,-0.10421393,0.10519738,2.6370783,-0.69129884,-0.00058161095,2.0116386,2.285613,-0.7444681,-1.6493387,LumB
TCGA-E9-A2JT-01,4.074577,7.067571,0.6634446,-2.2483284,-0.107726485,0.6475615,0.18820201,4.883406,1.8515217,-1.6329913,LumA
TCGA-BH-A0HQ-01,1.1246442,-1.2019076,0.5274796,-0.028917719,0.88481665,0.31463268,0.03650058,-1.2782321,-2.3151772,-2.6095614,LumA
TCGA-E2-A3DX-01,4.0881395,3.2659323,-0.5968271,-1.7213196,1.5833495,-0.20913419,-1.1921376,1.7464051,0.38580722,-2.6734884,LumA
TCGA-B6-A0I2-01,-8.231508,5.497584,0.9549589,3.4319634,-1.5361384,0.4622366,1.9309176,2.64213,0.4443934,4.8931785,Basal
TCGA-EW-A1PF-01,3.0680537,0.3428933,-0.45052743,0.96484965,1.2320977,-0.61251616,-0.30125484,0.5630139,-0.25773108,-1.4056027,LumA
TCGA-A8-A084-01,-0.5302824,-2.4632933,-1.4486663,4.0495853,0.54416984,-0.6895709,1.788973,0.7982968,-5.249317,-3.3687108,LumB
TCGA-AR-A252-01,2.6231904,4.1862903,-0.5928731,-0.75094473,0.7255638,0.7804949,-2.366014,3.2369053,0.6186983,-0.21922056,LumA
TCGA-AR-A24L-01,4.1558824,-2.17586,-1.4501605,0.73261285,0.36090085,-1.2173883,-0.16387479,0.42954603,-0.81923085,0.4824741,LumA
TCGA-AN-A0XR-01,-0.2953249,-4.693861,1.2668208,0.6345683,-1.7830952,0.62528926,3.2544396,0.7103787,-4.1258106,-5.4207077,LumB
TCGA-BH-A18V-01,-0.58630604,5.776849,-2.3274193,2.1908576,2.98882,-2.2149835,1.055661,-1.0886858,-1.7515038,0.99426955,Basal
TCGA-BH-A0BQ-01,1.6929017,0.32841167,0.83704525,-0.9350752,2.4675026,4.919468,-0.7304206,-0.39592502,-2.279965,-2.7531495,LumA
TCGA-B6-A0WY-01,2.0717642,-0.40631264,0.93846667,1.6921057,2.5799294,2.7705662,-0.7869622,-1.5021263,-1.5462179,-2.3366292,LumA
TCGA-BH-A0C0-01,-1.4907622,4.5320516,1.7766688,5.1195583,-0.42631993,3.0155547,3.4186878,3.0779505,-2.0298882,-2.242432,LumB
TCGA-A8-A09I-01,-1.0893773,0.0209101,-1.2423203,3.5069416,-0.13609958,-0.1349549,1.1767434,3.3337474,-2.4731,-0.98180974,LumB
TCGA-D8-A27L-01,4.238085,1.9793729,-0.21647242,-0.28505477,1.1793879,-2.1775842,1.105206,0.9541106,-1.145398,-3.818625,LumA
TCGA-D8-A1X5-01,1.2325349,-1.8472829,-2.3321164,2.6424005,-0.84232575,-1.1024417,1.4116731,4.837104,-2.304849,-3.1505113,LumB
TCGA-C8-A12O-01,0.7356508,-0.070974685,-1.6666999,1.3748775,0.6028788,0.29725182,0.92370933,1.1386826,-1.4398806,-0.5693662,LumA
TCGA-AO-A0JD-01,-2.238242,-0.76190585,0.74537814,5.7953496,2.5550313,3.4667645,-1.6721269,1.3546275,-3.0657618,-0.94294,LumB
TCGA-A8-A083-01,-1.5228626,-5.427726,3.331724,-0.6927149,-3.4681954,-1.4979312,-0.7219259,1.8782368,-0.02362559,-4.6186867,LumA
TCGA-A2-A0YI-01,2.3708024,2.3897126,-0.13104948,-1.5432825,0.90985864,-0.5202954,-1.9552929,2.7398105,0.06342086,-2.2762556,LumA
TCGA-A2-A0CW-01,-0.35844406,-0.21741924,2.140181,5.3758082,-0.015994914,0.6167262,1.7345841,0.97783494,-2.0875309,-1.8875599,LumB
TCGA-A8-A092-01,-0.8278624,-0.73816687,-0.6030539,2.6180608,-0.5907428,-0.77150464,1.4152547,1.499227,-1.8607959,-1.5376382,LumB
TCGA-BH-A18Q-01,1.280566,5.103629,-0.5696186,0.42756635,1.0913079,-2.614079,1.0449641,-2.9601586,0.403458,-1.2348633,Basal
TCGA-AO-A12B-01,-2.851583,-6.9143186,5.669096,-0.10444506,-2.1420207,3.39852,-3.9141378,2.4760563,5.762603,-2.2825196,LumA
TCGA-AN-A0FJ-01,-5.427688,-2.6311848,-2.0282989,3.1508071,4.536371,2.8021328,-2.069211,-3.0987093,1.0125378,10.287401,Basal
TCGA-GI-A2C8-01,1.8671944,-0.1494306,-1.7964618,-1.5889664,0.037148166,-0.111628994,0.3977544,1.7563267,-1.3571832,-1.262564,LumA
TCGA-AO-A12F-01,-1.8999873,1.221914,-0.73400027,0.041761495,0.49954605,-0.46479812,0.71285737,-2.8073912,0.92574173,1.9257715,Basal
TCGA-BH-A1FD-01,-0.3264459,-1.6641002,-2.249979,1.2531824,-1.0518278,-1.0250953,0.7953103,2.3741937,-1.9599489,-1.1897328,LumB
TCGA-EW-A1P6-01,0.05630751,-1.3714942,1.1270554,0.43956995,0.09209321,0.7998501,1.8417579,-0.017849457,-1.0902765,-1.9571686,LumA
TCGA-E2-A14X-01,-0.65225285,3.4692056,-0.08170444,0.66475564,0.7462066,-0.31299064,0.95621645,-1.4962419,0.43813688,0.6113097,Basal
TCGA-A8-A09Q-01,-0.25663832,1.1969824,-0.71426225,1.2751255,-1.2059886,0.7570401,0.34189072,4.6349983,-0.6811758,-0.3018728,LumB
TCGA-AC-A2FF-01,3.6827269,2.6723902,-1.0111917,-2.5365572,1.5932387,0.09946473,-1.2980951,0.36259893,0.44973052,-1.2072725,LumA
TCGA-BH-A0BW-11,5.3388147,8.069154,-1.191013,-2.2070656,2.0136583,-1.5532153,-0.7792084,0.7650353,0.8876384,-2.0917282,Normal_TCGA
TCGA-AN-A0AM-01,-1.4681262,0.79366386,-0.50899553,2.9529731,0.25561935,1.3817415,1.9369748,0.43855888,-1.5035218,-1.0728564,LumB
TCGA-D8-A1XD-01,4.604266,-3.632863,-0.21445583,1.5141548,-0.90783775,-3.7268946,1.7929611,-1.5270679,-1.4382198,-0.86034906,LumA
TCGA-D8-A27R-01,0.58326524,0.5162888,1.7408165,1.8276069,0.1888006,1.335318,1.3665724,0.11134799,-0.10668549,-1.3534942,LumB
TCGA-AQ-A1H2-01,-0.50890726,-3.520652,0.43999964,1.1450917,-2.1716757,0.33937544,2.5297475,2.9997962,-0.42997664,-4.1356487,LumA
TCGA-AR-A24O-01,4.022492,2.604343,-1.4636606,-2.3363798,1.7939134,-0.72988516,-1.3757248,1.0485512,0.10899915,-1.6726763,LumA
TCGA-A8-A0AD-01,3.156246,-3.4624624,-2.9116428,-1.8972495,-1.7813773,-0.26541016,-0.64434016,4.406528,-1.3483473,-2.0548391,LumA
TCGA-A7-A3J1-01,5.5805206,4.185521,2.1490245,-1.4968809,0.21280082,-1.9504905,1.1354363,3.0160646,0.64546627,-4.933537,LumA
TCGA-D8-A1JH-01,3.811943,1.1759375,-1.0338066,-1.696342,1.3661199,-1.1006793,-0.06971078,0.6995507,-0.13462444,-2.123849,LumA
TCGA-BH-A1FR-01,3.1203718,-1.1513965,3.7351408,-0.6584734,-1.885498,-0.90567356,-3.1815357,1.6221507,5.0845866,-2.5740764,LumA
TCGA-A8-A06U-01,-1.7185596,-0.022362575,0.06021907,3.2646444,0.3016248,0.8920078,0.07737914,1.415816,-1.8596419,-1.528369,LumA
TCGA-BH-A0BT-01,-1.7007407,0.57366544,1.7480236,0.10708558,-0.3287866,1.0414851,2.3674116,-0.7682107,-2.2436423,-2.0038435,LumA
TCGA-E9-A1RI-01,2.42937,-0.11410392,-0.9256891,-1.5048034,0.38656706,-1.1704922,0.8372344,0.77944475,-1.3237748,-1.1171191,LumA
TCGA-AR-A255-01,2.1250536,1.8478324,-0.8266659,0.2288679,0.7706963,-1.1048872,-0.028081242,1.445987,-0.7455888,-1.4736235,LumA
TCGA-AN-A03X-01,0.41422206,-15.2570095,-5.0613184,-2.718589,7.6990514,13.023167,-4.997205,4.065658,-5.530857,6.007477,LumA
TCGA-E2-A14Q-01,0.6547224,-0.65585995,2.7102513,0.45024014,1.0230321,1.362857,-0.7682353,-1.5064651,-1.0211873,-2.5088267,LumA
TCGA-A2-A0ET-01,-0.78851146,-1.1753095,1.783315,0.6736763,-6.230913,-2.9849596,-3.8436358,8.330029,1.5358645,-1.8017306,LumA
TCGA-AO-A12A-01,1.6079158,1.5830934,0.5715224,-0.60713774,1.026701,-0.21550654,0.006061582,-0.52825254,-1.2685103,-2.9352503,LumA
TCGA-D8-A1X7-01,1.9003626,-2.6321661,-0.6998236,-0.52485645,-0.8394333,0.1347742,-3.3854918,2.568686,0.15089911,-1.7885776,LumB
TCGA-A8-A08B-01,-9.847095,-2.6610248,0.45715207,15.355305,1.9636633,5.6589646,5.530328,7.198395,-9.752459,-4.2352715,Her2
TCGA-AN-A0FS-01,2.9045706,-0.574329,-0.0104910955,-1.9193616,0.95972675,0.49395478,-1.03296,-1.3233849,-0.471241,-1.6625581,LumA
TCGA-E9-A226-01,2.5925589,-9.8806715,-7.1149545,2.829834,1.0864276,1.9791925,1.649186,4.7179127,-9.55064,-2.335396,LumB
TCGA-E9-A1NF-01,0.6535059,-1.6667136,-3.756549,-1.0176253,0.68800795,2.1035209,2.1746392,1.0820987,-2.119432,-1.1936412,LumB
TCGA-B6-A0RH-01,-2.5651357,-1.3823011,0.2767052,0.74614304,0.8681833,4.4956574,3.6524403,-0.8844499,-2.3560593,-1.7206676,Her2
TCGA-BH-A0DL-01,-1.5367858,4.9026036,-0.44256195,4.435904,1.1990623,1.5680214,1.6657075,1.3679014,-2.6287203,0.4053498,Basal
TCGA-B6-A0RV-01,1.3443495,0.14401437,1.9609365,0.1591517,1.2011391,1.7744123,-1.700592,-0.0075546633,0.03631925,-2.1424131,LumA
TCGA-D8-A27F-01,0.35766304,3.1099017,-3.0710874,1.5284595,3.5532308,-2.1400433,0.48177108,-2.9760776,-0.41375625,-0.42867044,Basal
TCGA-E9-A1RB-01,-2.2706122,-0.24136251,-1.1501563,2.3515153,-0.20491219,-0.6898178,1.4444683,-0.07285311,-1.7308388,-1.1734331,LumB
TCGA-AO-A1KR-01,-11.844433,0.7317074,2.4582903,1.649927,-1.2317494,2.2891872,1.9547687,-3.1172616,3.5479107,5.9109073,Basal
TCGA-AN-A0AL-01,-0.4275957,1.0050488,-2.146412,0.97726893,4.5479164,7.0193334,-0.944594,-0.34940544,-0.6072424,3.765832,Basal
TCGA-E2-A1LI-01,-2.8520117,6.0108976,-0.5993386,1.7076914,0.355476,-1.9203738,1.9206166,-2.5765417,0.1295059,0.79683626,Basal
TCGA-E9-A3Q9-01,-2.8384717,-1.7330385,3.4088962,-4.023711,-3.1782289,0.532769,-6.9203997,4.9068475,4.3851786,-0.7379171,LumA
TCGA-B6-A0WW-01,-0.54843926,-3.2662442,-1.5684135,1.8155218,0.68475795,1.9585695,0.17540772,2.1341677,-2.5890994,-1.0515764,LumB
TCGA-AR-A1AI-01,-3.7016478,6.4128137,-1.2491478,4.376234,1.4881655,0.08555272,0.7665611,1.3687186,-1.3162714,4.3086715,Basal
TCGA-BH-A18R-01,0.5846015,0.8340193,-0.12122701,2.3030188,-0.509094,-1.2473644,0.2891515,1.3166734,-1.6221434,0.74700725,Her2
TCGA-D8-A1JL-01,1.3356591,5.611035,-2.9629157,1.926617,3.418127,-1.7123954,-0.026400166,-0.75446826,-1.5109785,-0.36094737,Basal
TCGA-A7-A0DB-01,-0.7978878,0.51078653,-0.13630003,-6.017978,-0.9183563,-3.5978627,-3.0107558,1.1923801,-2.2262502,-0.07320411,LumA
TCGA-EW-A1OW-01,-0.054638304,3.4660008,-3.171764,1.0670758,3.8552356,-1.0990403,0.46364444,-3.361965,-0.32490182,0.030515641,Basal
TCGA-B6-A2IU-01,1.0150244,-2.816898,4.0478806,-0.4144797,-0.10138622,0.122489884,0.9780527,-0.7099468,-1.2565649,-3.6894708,LumA
TCGA-C8-A137-01,-2.672736,-8.497314,-4.3611813,6.8692856,2.4257727,5.592072,-0.5720895,1.3313258,-6.62853,4.791737,Her2
TCGA-BH-A18H-01,-0.6086656,1.924447,0.15130302,0.887647,-0.9652674,1.3869158,0.4441302,3.5924184,-0.30582997,-0.8743104,LumA
TCGA-A8-A08R-01,-0.31144863,5.3459744,-1.8325357,1.3967341,2.2746034,-2.1420155,0.91767794,-0.9562636,-0.9540951,0.61747503,Basal
TCGA-BH-A0C1-01,1.5045508,0.5128387,-0.6092679,0.7190442,0.8699511,0.31013155,-0.9008503,0.699561,-2.070355,-1.7837625,LumA
TCGA-BH-A202-01,-0.88854235,0.9718479,-1.2802942,2.5544517,0.630809,-0.3589718,0.3554636,1.5889486,-2.4379056,-0.45742276,LumB
TCGA-C8-A12V-01,0.84576815,8.630399,-0.527686,1.2423229,1.52244,1.5491481,0.24756114,1.5280151,1.0809565,1.0797355,Basal
TCGA-A7-A26E-01,-0.43497863,0.42104477,-0.28024405,-5.9050674,-1.1014808,-4.1253824,-3.5269213,1.8102063,-2.4124696,-0.28668815,LumA
TCGA-AO-A03N-01,-6.341506,-6.779811,-1.6381233,-0.38515928,0.008854635,6.5702734,0.31734794,-0.34611532,-2.3926635,2.224875,LumB
TCGA-BH-A0HO-01,0.5048908,-3.2403831,0.26769093,-1.0871706,-1.0153714,2.6396308,-6.3346734,5.1133165,1.62855,-1.7888095,LumA
TCGA-AR-A1AN-01,1.098637,-0.63671,-1.3114716,-1.2781914,1.1728109,2.4695284,-1.4643939,1.650184,-0.7873709,-0.47481316,LumA
TCGA-A8-A09X-01,-0.2315281,1.983389,-2.553448,3.4462576,1.3914487,4.6591616,-0.6181523,5.4712095,-2.212646,2.790218,Her2
TCGA-AR-A254-01,0.35923126,1.9567717,-1.6544579,1.3872651,0.18076609,-1.2493407,0.71834344,2.1428385,-1.767697,-0.052900635,Her2
TCGA-D8-A27E-01,0.82252544,-2.8845906,0.87550294,-0.9214647,-2.7663646,-1.3343168,-6.6206927,4.7699485,4.5414615,-3.4855099,LumA
TCGA-AC-A3HN-01,3.7433813,2.4509697,-0.6121083,-2.1571863,1.1742731,-0.62050974,0.2929407,1.2307202,-0.2270028,-2.7806935,LumA
TCGA-A1-A0SF-01,0.7134009,0.52372664,2.6174338,-0.02163197,1.1147323,2.0945928,-0.1450379,-1.3168976,-0.8859546,-2.3352778,LumA
TCGA-EW-A1J5-01,2.6230175,3.4435387,2.034527,0.60047555,-0.8185225,-2.066779,1.5308675,2.8997948,-0.8680037,-4.106299,LumA
TCGA-D8-A27T-01,1.8605968,0.7040308,-1.2470493,-1.2926761,0.11447215,0.3396431,1.0630552,2.132035,-0.6470991,-1.9939573,LumA
TCGA-B6-A1KN-01,0.35009792,0.79455644,-0.27916956,1.4879193,-0.1916404,-1.4081722,0.7017077,1.0039966,-1.5951749,-0.3480571,LumB
TCGA-D8-A1JC-01,2.0813997,0.29665342,0.2206189,3.3906972,0.74366546,-0.8343891,1.3778,1.2412237,-2.1493309,-2.8889163,LumB
TCGA-AC-A23E-01,1.3614664,-2.9406502,-3.5949793,-1.2968228,1.3313351,2.0107117,-0.033246294,1.7147965,-2.590257,-1.4300175,LumA
TCGA-EW-A1OZ-01,-0.83648705,-0.8291258,-1.1711088,1.1922501,-0.45548773,1.4728137,1.472336,1.8533678,-0.7856136,-0.06336408,LumB
TCGA-A8-A09W-01,0.044106305,-4.154627,-3.2539527,1.8560998,0.48896235,6.3070636,-1.9939578,6.7669435,-2.5488863,2.1914222,LumB
TCGA-B6-A0IM-01,2.2345328,-3.1018317,-1.2108018,0.16046162,-1.5508938,-0.8845876,-0.019540494,1.55504,-0.76465195,-0.22655559,LumA
TCGA-E2-A1IG-01,1.9219533,-2.7165248,-0.408711,0.42079192,-0.112056375,-0.25652963,1.6633309,-0.29956985,-0.9427159,-0.83292645,LumA
TCGA-BH-A1F0-01,2.345929,7.524768,-2.6746836,-0.9645979,2.619842,-0.4515575,-0.8637662,1.2888033,-0.6536164,0.54330295,Basal
TCGA-EW-A1PD-01,3.1186054,-1.2428955,-1.2083924,0.2673146,0.20285706,-1.4858665,0.24450414,-0.0004441117,-0.5669198,0.06660895,LumA
TCGA-D8-A1J8-01,0.12637316,0.8400386,-4.069036,2.4168344,0.948896,-1.7079581,-0.34717977,4.7585382,-4.636502,1.3654852,LumB
TCGA-AR-A24N-01,-0.017501384,-0.5345498,-0.8051987,0.96996284,-0.70245486,-0.957802,0.78966194,1.8171786,-1.6688559,-2.5885546,LumB
TCGA-A2-A0EQ-01,-1.2886772,3.825748,1.0867963,2.4187636,-0.9729339,2.1134477,0.5566583,3.7527068,0.53476423,2.198331,Her2
TCGA-C8-A131-01,-3.6482446,-0.49425885,-3.4460926,2.3659909,0.9992231,3.4267616,3.2888365,-0.4230991,-2.7911317,1.065594,Basal
TCGA-AR-A24M-01,1.7453332,-1.6318263,-0.9090559,-0.79371005,1.186882,1.1619419,-2.5585794,1.200759,-1.6182297,-2.2514858,LumA
TCGA-BH-A1FJ-01,0.6447235,-3.563638,0.944106,1.2022042,-1.03201,-1.5332159,-1.4409734,1.2703315,-1.5804615,-3.8065863,LumB
TCGA-AR-A1AK-01,3.767621,2.7338529,1.4783359,0.2303763,0.8583045,-0.44042975,-0.32440802,1.7872456,0.84275883,-3.651813,LumA
TCGA-E2-A1IF-01,0.090752594,0.7955887,2.6103175,-2.3541813,0.9915128,4.2064085,2.3022087,-2.4821355,-1.3689253,-1.8897808,LumA
TCGA-E2-A1L8-01,0.24654597,-0.02991116,-0.9486842,-3.3949451,-0.40876052,0.45165297,0.3760006,1.243687,-1.64714,-1.1698658,LumA
TCGA-AO-A0JE-01,-0.21239409,1.3942288,-2.4337456,3.2629154,1.6063123,3.0949314,1.0016065,2.0790122,-2.784065,-0.599046,Her2
TCGA-E2-A158-01,-5.431165,5.5240774,0.900682,3.615449,-3.9022946,-5.8984294,3.8004553,-5.2989736,2.9209664,1.3999646,Basal
TCGA-D8-A27I-01,4.0461116,2.5199792,-0.6007214,-1.5720998,1.6411507,-0.8467403,-0.32964736,0.49132216,0.53211606,-2.3900843,LumA
TCGA-BH-A0H3-01,2.409636,0.97451913,-1.0019693,-1.5088269,1.1778125,0.02109296,-1.0908719,0.106192544,-0.5522118,-1.5874426,LumA
TCGA-AR-A0TX-01,2.0724335,3.200917,-0.92556983,2.1655104,0.420642,1.078893,0.015026091,2.689029,-1.2222464,-0.40868923,Her2
TCGA-A8-A07L-01,2.0370755,-2.6354234,-0.44826165,2.430928,-1.4751323,-1.1877981,1.1204861,0.5659207,-0.97350645,0.37762362,LumB
TCGA-A2-A0SV-01,-1.3568777,-0.24161068,-1.0318376,1.8533412,-1.1856732,1.2289151,4.2809086,1.3341663,-1.452161,-2.4421127,LumB
TCGA-E9-A1RD-01,0.9623474,-1.7440224,0.8783386,-1.6348157,-0.90260196,-2.1380353,-0.7192385,1.9966667,-1.5311366,-3.8558407,LumA
TCGA-A2-A04U-01,-7.1625204,0.09611772,1.5583055,0.6163076,0.85496306,3.4855962,0.9307176,-7.2114797,4.663586,6.419921,Basal
TCGA-AN-A0FT-01,-4.7390866,-2.9085524,0.5172374,-1.5896041,-1.8130971,3.7875433,2.415398,-0.5811983,-0.80200034,1.4967239,LumA
TCGA-A7-A26J-01,-0.27430758,1.1162761,-0.22543584,-3.3639097,-1.4495507,-4.5875974,-1.3744092,2.055335,-2.1199746,0.6981567,LumA
TCGA-E9-A1NE-01,3.1857984,3.913772,0.34905037,0.4613799,0.61905736,-0.1297775,-1.1073315,2.1875398,0.5804975,-1.6600761,LumA
TCGA-AO-A0JM-01,-0.6560373,-3.0786433,-2.5627058,1.7936848,1.6565546,4.6996646,0.6735007,2.1936748,-2.044258,0.3404302,LumB
TCGA-E2-A1B4-01,-0.70542145,-3.2543252,3.30512,-4.5146747,-1.1886579,1.4021862,0.97354823,-4.0232306,-3.3503146,-3.691636,LumA
TCGA-BH-A0BR-01,1.2434354,-0.15366831,-3.0631032,2.1487894,2.4193664,2.7344916,0.8002658,1.1151903,-3.0804532,-1.393147,LumA
TCGA-BH-A0H9-01,1.058714,-2.1742826,1.7754116,2.6574972,1.7594582,1.8713169,-1.6237222,-0.44532368,-1.3186605,-2.229533,LumA
TCGA-B6-A0IJ-01,-2.695165,6.022791,0.3579172,3.1321282,1.6745142,2.6533585,0.9795949,0.013623451,1.1960518,3.4701126,Basal
TCGA-AC-A2QH-01,-6.812957,-6.9106407,-5.1661587,-3.813081,-0.14724131,-8.109982,-3.5511427,-5.476263,1.8104674,16.628695,Basal
TCGA-A2-A1FW-01,3.1747732,-0.20536673,-0.5874322,1.0615715,-2.1417322,-2.7324193,-1.3085408,3.4530923,-1.332771,2.9578538,LumB
TCGA-E9-A243-01,1.0254836,6.6283474,-2.2029,0.8053641,1.4097838,-0.20969363,-0.550196,2.9027948,-0.91532224,2.8256216,Basal
TCGA-A2-A0EO-01,1.22419,-0.22540781,-0.54370296,-1.8770045,1.5762912,2.6475785,-1.1975793,-0.077828944,-1.1304988,-0.916175,LumA
TCGA-AN-A049-01,0.90445507,-0.6178823,0.051655807,0.6841017,0.505738,1.4205731,0.63042665,1.6681808,-1.0895357,-2.247495,LumA
TCGA-A2-A04V-01,-1.1541338,-2.2932422,-0.2182298,-1.6848716,-1.2669848,1.4265697,1.1567281,1.0226614,-0.85202,0.64347976,LumA
TCGA-E2-A14T-01,1.244363,-1.3673749,2.6187525,1.677137,-0.87812173,0.42003366,0.5638247,0.42323202,1.3209902,-0.40369615,LumA
TCGA-E2-A1LL-01,-1.2862679,-2.4277,-0.888038,4.5452876,5.7715917,5.569778,-2.0211196,-3.8275344,-2.4601433,3.790111,Basal
TCGA-EW-A1P4-01,-0.40325898,2.7958992,-1.8640031,3.8521633,4.1879997,3.4159985,-0.84375405,-1.0290372,-1.5678881,2.8345182,Basal
TCGA-A2-A0T4-01,1.9091866,0.6991217,-0.28668913,-0.44505557,1.4254736,2.5597155,-0.2747282,0.93577117,-0.45218605,-1.1011677,LumA
TCGA-BH-A0W3-01,1.4068888,-4.125413,2.4037988,1.3598492,-2.2545137,-2.769461,-1.6264462,4.9544215,-0.780786,-8.183781,LumB
TCGA-A8-A08G-01,1.4113163,-0.510465,1.0259314,1.7409419,-0.61538106,-1.0051678,2.160756,1.221629,-0.49235582,-2.3819242,LumB
TCGA-EW-A1IX-01,4.533281,0.39104792,-0.66813433,-2.2425795,1.2315207,-1.5755941,0.4755891,1.276839,-0.75201267,-3.5052128,LumA
TCGA-A1-A0SH-01,2.635701,-1.9371254,-3.5178945,-1.3330252,3.285925,2.266512,-0.97349054,-0.39688003,-2.1185622,-1.3766434,LumA
TCGA-C8-A1HG-01,-0.97246134,1.2533821,3.6583457,3.125663,-0.70801765,5.271065,0.15041795,3.158617,3.7832122,0.4517842,LumB
TCGA-E2-A10E-01,1.263001,-0.032506347,0.260359,0.2686324,0.27102476,-0.9179264,-1.0887393,1.1494234,-0.9852972,-2.9816804,LumA
TCGA-D8-A27N-01,0.48924452,0.17666733,-1.8859982,0.46761736,0.3784875,1.9247446,1.0903436,1.9912161,-1.1103467,-0.18427059,LumB
TCGA-A2-A0CS-01,-0.77392215,-5.7370057,-1.7044265,-2.050647,0.07710587,6.0512443,0.51623404,1.2412225,-3.754908,-3.3145766,LumA
TCGA-A1-A0SG-01,1.2983745,-0.9329506,1.1527811,-0.17302892,-0.024225049,0.35753378,1.6312022,0.25020364,-0.8039119,-2.2529712,LumA
TCGA-E9-A22A-01,0.47074217,-0.1955468,-2.2388067,0.20415913,0.6288081,3.0312243,1.6299516,1.807321,-1.0662911,-0.5186715,LumB
TCGA-E2-A1BD-01,-0.7255533,-1.1461339,2.3253484,-1.5937876,-0.65138626,1.13746,1.8735266,-2.5194879,-2.679724,-2.6670203,LumA
TCGA-E2-A14Z-01,-0.1382393,2.8468568,0.5293602,0.55830985,-0.31069878,1.3180405,1.8681673,1.5904131,-1.1022199,-1.6721232,LumA
TCGA-A2-A1G4-01,0.35059127,-0.7463426,0.50152934,0.35033923,-2.2713156,-1.5778599,-0.4078585,2.6591163,-0.027978335,0.10518131,LumB
TCGA-E9-A1RF-01,-0.4824604,0.6182465,-1.0716602,0.061982147,-0.5274164,0.82707274,0.9723555,1.9194393,-0.7292246,-0.3959114,LumA
TCGA-D8-A1XQ-01,-1.3631009,3.0178053,-1.8700664,1.6816057,1.6988126,0.8333327,1.4720436,-0.4497185,-1.1659517,0.6468201,Basal
TCGA-AR-A1AH-01,-3.282874,1.359428,-1.5058024,0.4496637,0.0015002415,-2.1341484,0.534333,-2.1506581,0.16222572,2.6010644,Basal
TCGA-A2-A0YC-01,1.8709149,-0.3188098,-0.25283477,-1.2660434,-0.42422482,-0.043713186,1.1840376,2.305908,-0.6529566,-2.567081,LumA
TCGA-BH-A1EN-01,-2.4537346,-6.822096,-4.679729,3.1178958,0.72465366,4.1058555,-1.4940753,2.6625686,-4.087237,5.296755,Her2
TCGA-BH-A0EB-01,0.73956466,-0.8313771,-1.3125453,-1.2486069,0.5769506,3.1882925,-2.6562345,3.4514723,-1.822611,-2.2469397,LumA
TCGA-D8-A27P-01,2.6446033,-1.8393847,1.1229688,-0.7620565,0.8995175,-0.80541795,-1.578351,-1.5718948,-1.1609669,-4.45252,LumA
TCGA-A8-A0A6-01,0.7967429,1.8260992,0.33798805,-0.13971274,0.6931897,0.8471378,-1.0481504,0.9819723,-0.41684192,-1.2910163,LumA
TCGA-E2-A15J-01,-2.7904854,-3.996136,0.41677058,0.0155578405,-2.8958507,-1.2777127,-2.3746016,1.293342,-2.8215501,-3.3458192,LumA
TCGA-AR-A1AV-01,2.2642343,-3.4105825,-1.655358,0.6723619,-1.1539062,-2.3374572,-1.4702826,2.8454385,-1.9220062,-2.6057634,LumA
TCGA-A1-A0SQ-01,1.6595582,-4.313728,1.8007616,0.5193239,-0.1606914,1.960331,-4.887788,2.9805636,2.3467615,-0.15833542,LumA
TCGA-AQ-A04J-01,1.9656764,5.8834367,-1.3685958,-0.26454043,2.0174932,-0.7221271,0.012017155,-1.209417,0.024156444,-0.04487866,Basal
TCGA-A7-A26H-01,1.6191279,0.21840933,-0.67765594,0.35801423,0.22547746,-1.2362043,1.1976429,1.3937725,-1.424667,-2.3860755,LumA
TCGA-A8-A08H-01,3.410754,3.858573,-2.9301114,-2.2814405,3.0354652,1.9796282,-1.1241308,2.2153373,-0.16775869,-0.19323379,Normal
TCGA-AR-A24S-01,1.5804697,2.8082042,-2.4366286,-0.23219383,0.55078614,-1.2562448,-0.48623142,3.4621513,-1.27172,-0.15045767,LumB
TCGA-E2-A15K-01,-0.24273124,1.9900812,1.382056,0.8058209,-0.68407106,1.8307973,2.389291,2.4972453,-1.5812666,-3.3295224,LumB
TCGA-AO-A12G-01,-0.45450553,-2.9581785,0.23535886,-0.33454812,1.7250715,4.3591895,-1.7925624,0.47167912,-0.30692765,0.601045,LumA
TCGA-BH-A0HA-01,0.45254365,-0.13477919,0.2552402,-1.8497212,0.86475456,3.7623172,1.0322398,0.6317169,-0.7276151,-1.0548072,LumA
TCGA-E2-A153-01,1.5280784,-3.2463927,-3.0351198,-2.466988,0.5236764,2.6287496,2.2903812,0.68308896,-3.0102606,-1.9672947,LumA
TCGA-D8-A1JJ-01,0.88966894,-0.9994496,-2.722982,2.536906,0.6991258,-1.497963,2.1889265,1.552579,-3.3516262,-1.5165093,LumB
TCGA-C8-A12T-01,-0.52710074,-2.6148074,-2.0494437,0.72341186,1.4754585,3.4598708,0.9097133,0.9112061,-1.238398,0.90565675,Her2
TCGA-A8-A079-01,-1.5480014,-1.1673889,1.3305316,3.1663275,-2.2786417,-0.39611036,2.4731114,3.4486275,-0.4802016,-1.651861,LumB
TCGA-BH-A204-01,4.0553694,-7.655262,-3.335394,1.6157837,-5.106961,-3.0706434,-1.5542736,4.684353,-2.971031,5.759892,LumB
TCGA-BH-A0B4-01,-0.05991324,-2.9200697,-0.73693776,0.8709858,1.9904567,5.348827,-0.86685675,1.8703551,-0.5048409,1.0484204,LumA
TCGA-GM-A2DM-01,-1.3906375,-5.0429053,0.5076377,-1.1385549,-3.4792175,-0.80673355,-6.4423046,3.350472,3.6297464,-2.0843918,LumA
TCGA-D8-A1XL-01,-3.2911036,1.8722088,1.3475449,3.3443675,-1.1690438,3.603246,3.6159194,3.4554698,0.14343476,-1.4660788,LumB
TCGA-D8-A27H-01,1.3649031,1.786232,-3.7982914,1.3146985,4.03918,-1.7770385,0.06389127,-3.6920123,-0.40854537,-1.3518708,Basal
TCGA-BH-A18J-01,0.020236444,-2.281029,-2.1876957,1.3425581,1.1252303,1.6761215,1.4565656,-0.14392404,-3.6396284,-2.1276147,LumA
TCGA-AR-A0TZ-01,3.5156837,-2.3375227,-0.642181,1.7404749,-1.352517,-3.7111077,0.8913407,2.0195978,-1.6398343,-1.4826438,LumA
TCGA-AO-A0J7-01,-1.2542493,-3.328109,1.9337773,1.288022,-1.3444408,0.5729236,0.611309,0.42684183,0.38624722,-1.6178577,LumB
TCGA-D8-A1XY-01,1.7484179,-1.9657636,-1.8212969,-0.47948873,5.979091e-05,-0.32926896,2.1191053,1.1947037,-2.3277433,-1.8407598,LumA
TCGA-A2-A0YH-01,1.1323315,0.6028475,-0.8978683,2.624545,0.19420935,2.3366647,1.5068326,3.5210521,-1.0750325,-2.042524,LumB
TCGA-D8-A13Y-01,3.1929305,-2.4470878,0.48970002,5.497665,-2.0199537,-5.000872,3.415128,-3.0587168,-0.08785222,-0.7356891,LumB
TCGA-E2-A10A-01,2.1236255,-2.3121877,-0.6504793,0.8081875,-1.0247146,-1.8969575,1.4328306,2.249522,-0.98788637,-2.9950724,LumA
TCGA-C8-A12P-01,-1.1338034,-0.5100226,-4.369186,4.0792513,2.0825505,2.9578767,1.5142487,1.8881462,-3.0162675,2.0452466,Her2
TCGA-D8-A1JI-01,0.47269586,-3.6777205,3.5638442,0.74514943,-2.9103522,-0.19852996,-1.9741249,3.8504474,3.6103065,-4.3733125,LumB
TCGA-D8-A1Y0-01,3.4637394,3.1300435,-0.13922696,-0.53719664,0.13645953,-2.0699182,-0.062123507,2.853344,-0.0539878,-1.7964225,LumA
TCGA-EW-A1PG-01,2.2235088,-1.0910915,-1.9754363,-1.3970232,3.196352,2.2016275,-1.7239994,-1.785066,-1.7652191,-1.337877,Normal
TCGA-E9-A1RH-01,-1.9886304,-2.290237,-4.522658,4.5480447,2.2271352,1.8140789,1.4973243,0.57419074,-3.8012886,1.7745936,Her2
TCGA-AR-A2LH-01,1.7631141,4.341389,0.64892703,0.03781768,1.9855794,2.8244705,-0.5162886,0.17330183,-0.6335205,-2.3799374,Normal
TCGA-AO-A03L-01,0.96153903,-0.16579145,0.10434721,1.8499707,1.1240866,1.8255336,-0.5741819,1.0439626,-0.9660494,-0.66510856,LumA
TCGA-EW-A1IY-01,0.99152577,2.1135495,-1.4910878,-0.25813398,1.066953,0.41364014,-1.4543548,1.904525,-1.8806659,-1.4026403,LumB
TCGA-A2-A0CL-01,3.6906908,6.2307525,-0.6584514,-0.17361808,0.22297041,-0.7294725,-0.22746065,3.5864844,0.25241935,-1.3829584,Normal
TCGA-A2-A0D0-01,-7.041873,2.0172997,-0.41330323,2.8794386,1.111357,2.4416695,1.3186489,-2.4155462,0.76362425,4.1637487,Basal
TCGA-A8-A08S-01,-0.17684546,-0.9877,-0.84860635,2.2957513,-0.9164795,-1.4665666,1.7287914,2.3204036,-2.0163112,-3.1480873,LumB
TCGA-E9-A1R7-01,0.19491217,-4.743154,0.3448545,3.8012605,-0.123481914,0.5890026,-2.3829699,0.8652024,-3.1166108,0.904141,LumB
TCGA-E9-A249-01,-2.111624,-1.1984485,0.2855745,0.042485632,-1.7782278,-1.0000252,-0.27098346,1.4049753,-2.2720666,-2.5290437,LumB
TCGA-B6-A0I6-01,-0.32307583,1.8199017,-2.212875,2.324784,1.8030536,-2.595014,0.9538586,-4.3609304,0.4592054,-0.29948282,Basal
TCGA-BH-A0DP-01,1.9503261,0.50409234,0.60263616,-1.2553123,0.99866074,0.9101424,0.08240602,-0.21613322,-1.660637,-2.8920481,LumA
TCGA-BH-A1F5-01,1.382237,-2.0823061,0.9883864,-1.8842708,-1.8029007,-2.1554608,0.5569401,0.5534667,-2.159116,-0.60219634,LumA
TCGA-BH-A0WA-01,0.14320135,4.2724133,-3.090386,2.147099,4.335752,-1.7463868,0.70851463,-4.2990656,-0.8275534,-0.7779121,Basal
TCGA-A8-A08F-01,1.5760983,-0.49883845,-1.4870731,3.0725658,-1.29682,-0.396996,2.5584216,4.4816976,-1.4033383,-2.1816385,LumB
TCGA-E9-A22G-01,-6.183851,5.5812726,-0.87155104,2.305027,-0.1592137,-3.3539078,1.2246941,-3.3880072,1.9908786,5.5295196,Basal
TCGA-AN-A0XL-01,3.7904763,0.4658813,-0.17411596,-2.587845,1.1284126,0.019507393,-0.37528345,-0.63325167,0.2762558,-1.2052114,LumA
TCGA-E9-A1ND-01,-1.900403,5.151344,-1.8098683,4.673032,2.0163836,2.6994472,1.3771819,1.9894614,-2.933626,1.0800276,Basal
TCGA-GM-A2DC-01,-0.16642445,-1.7206358,3.9853687,0.56322396,-1.7464079,0.4567953,2.701012,0.396139,1.0129552,-1.6293526,LumA
TCGA-AN-A04C-01,-5.0141497,-0.26535237,-0.12089062,3.0892208,-1.0929968,2.567055,1.6218652,0.60190904,-1.6748276,1.8520019,Her2
TCGA-A2-A04W-01,-1.2964481,-2.7474415,-3.3912451,1.3628652,2.8340797,5.2096105,1.3949865,-0.76891315,-3.557385,0.7123877,Her2
TCGA-AN-A0G0-01,-3.773796,0.18860647,-4.3850164,3.094658,3.5694847,-1.830276,-0.50335026,-1.4765134,-2.334683,6.207112,Basal
TCGA-AQ-A04L-01,-4.4747257,-2.4119554,-3.7259874,-0.19208544,-1.8093706,0.57855386,1.8472385,-0.38644654,-2.3779716,1.3059359,LumA
TCGA-BH-A0RX-01,-0.22619033,3.160446,-0.6215228,-0.62234116,2.7627516,6.3852487,0.03674403,-1.1003628,1.3073524,2.106562,Basal
TCGA-A2-A3KD-01,2.1513562,-1.1608589,2.3783433,1.1126148,1.0718924,-0.067155614,-2.4394295,0.07644714,1.1876152,-3.651897,LumA
TCGA-D8-A1JM-01,-5.512655,2.4698863,-0.24053758,5.836144,0.9120104,-1.0603175,1.45792,-1.5643065,-2.2081342,4.2555857,Basal
TCGA-GM-A2DO-01,-0.54202735,8.207259,7.0181327,0.7027746,-3.0848408,1.95517,4.364018,6.049388,1.713675,-1.5697975,LumB
TCGA-A2-A0T1-01,0.026593916,2.0322027,-1.7580153,1.1234462,0.66233253,3.7960935,1.195065,2.4667048,-0.95347893,0.21244171,Her2
TCGA-BH-A1ET-01,1.8067211,0.39577332,0.02386237,-2.4488456,0.42058188,-0.48521826,-2.4474847,2.2217762,-0.8807455,-2.2210226,LumA
TCGA-BH-A0EI-01,5.0611334,-4.5166764,-1.3986036,-0.5927564,-0.71953595,-2.0938065,1.0694615,-0.096437,-1.9068016,-0.90878904,LumA
TCGA-BH-A0GY-01,0.04473637,0.3561411,1.0460331,4.5251503,2.3673468,3.3626218,0.3735458,0.014636708,-2.3618348,-2.1466157,LumA
TCGA-D8-A147-01,0.8881912,6.696285,-0.8915234,3.1627173,2.2797194,-3.3561413,1.6660929,-2.8936412,-0.5270035,-0.36615545,Basal
TCGA-E2-A1IL-01,3.5472233,-0.63235205,0.9801073,-1.0582045,1.1119723,-2.4311895,-0.9421039,0.7809284,-0.35266864,-4.9137325,LumA
TCGA-C8-A27B-01,-3.2555444,6.9958825,-1.9145408,3.6570132,2.3409033,-0.7280728,0.9497139,-0.024853239,-1.7846671,3.3883052,Basal
TCGA-AN-A0AS-01,-2.4700487,-3.3553154,-5.0085793,-0.5673962,0.6465492,2.1960425,2.252816,0.9044013,-2.3685987,0.038848564,LumA
TCGA-A8-A06R-01,-0.8080503,-1.1511571,-2.253042,1.0471781,0.44698924,3.3467534,2.5645883,1.8229036,-1.8363786,-0.2633579,LumB
TCGA-AO-A1KP-01,-0.90193427,-2.6085033,1.8520833,-0.8783421,-3.6413155,-2.9996936,2.4185848,-1.3150941,-2.5497935,-0.6629882,LumB
TCGA-BH-A1FB-01,3.8313475,3.5039265,-0.98939747,-1.2498628,1.5847723,-0.92345387,-0.86476994,0.63235784,-0.096521325,-2.3076003,LumA
TCGA-BH-A18L-01,-0.08580943,-2.396198,1.4854827,2.6754742,-2.6129928,0.3126868,-1.316397,3.735513,0.30295026,0.6234498,LumB
TCGA-E9-A1RC-01,0.539986,-2.812833,-0.7459696,2.7407138,-0.1485178,-2.3933995,2.1763687,0.13197695,-3.6066895,-3.6086397,LumA
TCGA-A2-A0CT-01,1.2895192,-2.6157575,1.2194275,2.2159948,1.2968196,2.2288744,-1.2521244,0.10681557,0.09798758,0.49862647,LumA
TCGA-GM-A3NY-01,-1.4849151,0.20025334,5.0585737,-3.4439504,-1.1272837,1.891882,3.1046271,-3.6320865,-1.9639441,-2.9240067,LumA
TCGA-AR-A2LO-01,3.433277,2.84607,1.2015942,-0.15443681,0.78409433,-0.96842855,0.09651681,0.7594891,0.56908137,-3.0160048,LumA
TCGA-AO-A0JI-01,3.2292356,-2.333112,3.5253117,1.4743102,-2.6763453,-1.5279838,-0.70003873,2.890662,1.7865348,-0.83424497,LumA
TCGA-AO-A0JL-01,-7.9423604,0.12194826,-0.42296165,-1.682482,-1.4722356,0.9409731,1.5231391,-6.087315,1.0800726,3.657916,Basal
TCGA-GM-A2DH-01,2.554637,5.4724407,0.57354933,4.872956,-0.41657755,-2.9888432,2.0214734,0.62044406,-1.7292626,-1.3618243,Her2
TCGA-BH-A1ES-01,3.9637337,-5.0859766,-1.1676713,1.7550585,-1.02513,-2.5648577,2.0305731,-1.8024936,-2.752953,-0.41749197,LumA
TCGA-AO-A03M-01,0.8290863,1.232484,0.79135287,2.827168,1.1965387,2.8736744,-0.5000559,1.1420727,-0.72826105,-0.90104914,LumA
TCGA-BH-A18M-01,2.0991557,0.28237125,-0.025861517,-0.18600883,0.9886253,-0.13464032,-0.23190421,0.52285063,-0.45830554,-2.3229349,LumA
TCGA-A8-A09M-01,-1.707052,0.23400193,1.6171815,3.290398,-2.1972709,0.66348565,2.8320625,4.983134,-0.53605443,-2.9151132,LumB
TCGA-EW-A1OV-01,-0.05831655,4.4225574,-0.10032116,1.5755905,-0.3237318,2.6085231,0.68596095,3.671874,-0.009881385,0.63485664,Her2
TCGA-A1-A0SN-01,2.1135416,-0.36059326,-0.54863274,2.3800442,1.5457175,2.2276616,-0.8406333,2.2462049,-1.1947852,-1.2472641,LumB
TCGA-BH-A18F-01,2.788366,1.2428505,-0.43021613,0.3910406,1.587297,1.1452308,-0.8400803,0.7827233,-0.81259185,-1.6381085,LumA
TCGA-A2-A0CM-01,-1.1841974,5.66546,-1.6268855,1.5115279,1.582689,-1.4839021,0.620382,0.1025214,-0.90893495,2.0629785,Basal
TCGA-AR-A0TW-01,-2.192785,-1.9347777,0.5607493,4.5259376,0.4642627,7.154407,-2.3036761,6.233622,0.04181572,2.0151787,LumA
TCGA-BH-A0W5-01,2.7201767,3.792082,0.962744,-1.0390267,0.13353622,-0.28949666,0.8523121,1.8621795,0.02365169,-2.862521,LumA
TCGA-AR-A24K-01,-3.2932382,-2.0537574,-0.64874923,0.40151474,-2.4455252,-3.170316,-1.902663,1.0036522,-3.1461043,-1.5611289,LumB
TCGA-BH-A0HY-01,-0.8783116,-2.167871,-1.3261276,1.5349461,0.29863986,0.8797726,0.21940285,-0.33296707,-2.0594258,1.1522617,LumB
TCGA-A2-A0EU-01,1.0998464,-1.722027,0.8516273,0.7422173,-0.12712786,-0.19397116,1.6541314,-0.011072669,-0.7024983,-1.0106118,LumA
TCGA-BH-A0E7-01,2.8508322,-4.640824,1.4544417,-1.3420053,-1.6991177,-2.204812,1.8621495,1.213965,-2.4027376,-2.8715723,LumA
TCGA-BH-A0EE-01,-7.4366336,1.5783838,-0.51718473,4.264119,-1.7670649,0.76314825,1.4787252,2.1221595,-3.4848614,0.8596005,Her2
TCGA-BH-A1FE-01,2.375041,3.3097742,-1.4567096,-0.19016814,1.0287175,-0.5352319,-0.70836455,1.7079648,-0.63210475,-0.03717208,LumA
TCGA-AC-A2FB-01,2.7664142,3.512848,0.65582263,-0.3771397,1.2406927,0.947345,-1.5207202,1.105078,0.4109611,-2.3141892,LumA
TCGA-C8-A12L-01,-0.87714857,-0.27848604,-2.399316,6.1124086,2.0644832,-0.12032522,1.2222846,0.1984289,-4.5353475,1.1288702,Her2
TCGA-C8-A1HN-01,-0.3773023,-1.6402587,-0.125059,1.5346853,-1.9168878,-0.20659581,2.2714813,0.92293155,-0.31122723,-0.78687954,LumB
TCGA-AN-A04D-01,-7.0747027,1.5086932,0.34070674,2.8613591,-2.0797968,-1.3792697,1.9664062,-6.8205914,0.8456773,2.3822954,Basal
TCGA-GM-A2D9-01,-0.29381284,0.18245928,1.7580826,-2.4820528,-0.4890756,1.078991,1.7623267,-1.190668,-1.7876744,-1.5495961,LumA
TCGA-B6-A0IK-01,-0.13002568,-0.91140985,-0.32173082,3.4450676,2.5326152,3.9455264,-0.8131333,-0.34212738,-1.9227421,0.7262416,Her2
TCGA-AR-A0TP-01,-3.5633647,1.2901636,-2.8722937,2.6236908,0.67751783,-4.549077,0.48194835,-7.8956895,1.8302464,1.0446558,Basal
TCGA-A2-A0EY-01,0.42835644,1.5491836,0.16134784,3.1542706,0.21765186,-0.8108207,1.1591427,1.0248129,-2.8906064,-1.4267409,LumB
TCGA-A8-A06O-01,-0.38011977,0.2968159,0.58745563,0.78443795,-1.7075508,-1.288874,1.597182,2.1802957,-0.3018238,-0.75670856,LumB
TCGA-D8-A27W-01,2.793167,-1.3102621,0.507949,2.6529384,0.60773784,1.7533686,-2.36495,1.6836675,1.1022319,1.0505767,LumB
TCGA-A8-A091-01,5.120586,-1.1142381,2.550373,-0.1087027,-2.4058409,-3.7254343,0.7947738,2.4874935,0.58120656,-1.1052983,LumA
TCGA-D8-A1XT-01,0.8843914,1.0913348,-4.062054,1.3702865,1.6816802,-1.6793466,1.9230843,0.879456,-2.7158911,-0.3204101,Her2
TCGA-A8-A08P-01,-0.29264048,0.12051864,-1.8644155,4.315007,0.40735936,4.840361,2.5644932,6.3209515,-2.3622591,-1.6709785,LumB
TCGA-D8-A1X8-01,2.1439192,0.37200972,0.5829425,-0.6426829,0.8605121,0.3626111,-2.2789562,1.6910328,0.55969924,-2.612709,LumA
TCGA-C8-A1HM-01,-2.4235113,4.1366177,1.7297344,5.7242985,-2.2275343,0.57212543,3.3660479,4.6680202,-1.8378234,-2.3287287,LumB
TCGA-AO-A0J5-01,4.175441,-0.9371972,-2.2912123,-1.3489052,0.66474694,-0.2671674,-0.85260314,1.3944587,-0.9195553,0.5295268,LumA
TCGA-A8-A08T-01,0.2580284,-0.09562557,0.014609881,-0.4097804,-0.5532302,-1.2218264,1.0215489,0.42116895,-1.2596992,-1.2494841,LumA
TCGA-AC-A2BK-01,-0.8836613,-0.33441487,-3.596397,6.08953,1.6967072,-5.552953,-0.86590064,-7.1492887,1.5612341,9.743799,Basal
TCGA-A2-A0YM-01,-0.8969043,5.0125017,-1.6803938,4.571073,3.3071713,-1.5468631,1.3217413,-3.1488879,-1.1665698,0.46579248,Basal
TCGA-A1-A0SO-01,-0.8140297,2.4054823,-1.4339578,5.1844816,-0.94824255,-4.6046863,0.6737112,-5.009073,1.4566686,6.4445696,Basal
TCGA-AO-A129-01,-1.5570172,5.025795,0.14127085,1.283987,1.2787436,0.68075866,1.7052759,-2.058239,0.5492258,0.7758337,Basal
TCGA-A8-A08I-01,2.0277154,4.219874,1.9428239,3.251252,-1.9241127,-1.8351196,1.5961938,4.4254694,-0.4900161,-3.67664,LumB
TCGA-C8-A130-01,-1.3649703,1.0378411,1.736889,0.79600394,-1.0722438,-0.17417695,3.0046623,-1.1310581,-0.8920028,-1.285677,LumB
TCGA-C8-A1HI-01,0.74917114,-0.94748056,1.7650867,0.80104053,1.3232437,2.16278,-0.82951176,-0.8798957,-0.94481933,-1.3909647,LumA
TCGA-AO-A1KT-01,0.46917883,-1.2357849,-1.189024,-0.50798863,-0.38950357,1.0625483,2.3961806,0.33533862,-1.2070041,-1.1097643,LumB
TCGA-C8-A12W-01,1.3064411,-1.1410224,-0.9783434,2.3989785,0.44941708,1.690947,1.1171709,2.2171571,-0.90102154,-0.77128285,LumB
TCGA-E9-A247-01,-0.40865877,-0.35794437,2.0123014,1.0290029,-1.0515107,-0.60190016,2.624921,-1.1522961,-0.5881663,-1.4682393,LumA
TCGA-AQ-A1H3-01,1.7873057,0.8271784,-0.23300155,-0.8191515,0.657948,0.10718031,-0.5095451,0.7444274,-0.5657598,-1.8819654,LumA
TCGA-B6-A1KI-01,1.4319469,-2.6354547,0.49239135,-1.9895892,0.5985477,0.73754585,-2.3097486,-0.53277624,-1.7796159,-2.0812771,LumA
TCGA-EW-A1J1-01,0.27684888,-0.7387018,2.1570954,1.3457124,-1.7959461,0.25664824,-2.0005074,3.481216,2.1893084,-1.8108742,LumA
TCGA-B6-A0RN-01,0.6263631,-1.9930265,0.27788165,-2.7120218,0.51053107,1.9662166,0.097829334,-0.79203194,-2.7473314,-1.9324591,LumA
TCGA-BH-A0BL-01,2.7547975,5.5796323,-3.5689487,0.05889538,3.1403384,-2.1214142,-0.12975009,-0.63932824,-1.3785255,-1.0901978,Basal
TCGA-AN-A0XV-01,0.8914917,0.6549291,-0.10934821,-0.7624168,0.35607678,-0.07323563,0.042515256,0.3898256,-0.3170246,-0.8489137,LumA
TCGA-AR-A2LQ-01,5.7713876,1.6562108,-1.7284138,-2.5466971,3.3377538,0.5807736,-1.0553427,-0.9870786,0.001977548,-2.2793038,Normal
TCGA-AO-A03P-01,-2.4152057,-2.4782672,0.60123026,0.42629203,-1.7894142,0.6334216,-1.0019089,1.6939894,0.5092572,1.6385908,LumB
TCGA-B6-A0X7-01,2.8299005,-0.66509974,0.87113804,-3.8431811,-0.26805928,-0.2130627,0.76078886,-2.3464105,-1.0880579,-1.4865584,LumA
TCGA-A8-A07B-01,-3.3472424,-7.3328843,-4.3612742,3.3054352,2.1582117,4.4540796,-1.6029444,3.5880716,-4.843484,3.6755393,LumA
TCGA-A8-A086-01,1.8412349,-2.693639,-0.3872891,0.20337053,-0.3212224,-0.352002,2.0132883,0.25987557,-0.92645645,-1.1570628,LumA
TCGA-BH-A1FU-01,2.8004944,1.6749202,-2.4394157,0.80838865,2.9580965,1.5849563,-0.62670535,-0.062139146,-1.4404399,0.061722085,Normal
TCGA-B6-A0RI-01,1.8362367,-2.5666294,-0.78351283,0.62173635,0.31998813,-0.3897786,2.3622603,0.50958383,-3.0141976,-3.2056737,LumA
TCGA-E9-A248-01,0.3948321,5.0953884,-0.6612712,4.027825,0.649203,0.7530064,0.2887845,3.081361,-1.9017013,1.6080613,Her2
TCGA-A7-A26I-01,-3.5852702,3.2528052,-4.28648,-2.2870317,0.041302122,-6.869164,-0.5828321,-0.78720933,-3.6078055,4.6358695,Basal
TCGA-E2-A14W-01,-4.779612,-4.7796884,-0.4830468,0.48448178,-3.3113227,0.45690793,2.5281057,-1.1719936,-1.3137091,-0.3874769,LumB
TCGA-B6-A0I1-01,-9.363051,2.5178564,0.49607074,3.5649385,-2.6705155,-2.29527,3.1451147,-7.2186184,0.22675453,0.768257,Basal
TCGA-GM-A2DI-01,3.7974222,3.7529478,0.37693417,0.72196466,1.6370655,1.5540692,-1.460005,2.9544654,0.19312449,-2.80115,LumA
TCGA-EW-A1PE-01,2.829094,1.8760366,0.5124789,0.17172441,0.2294437,-0.78291374,0.010938721,3.5024512,-1.0717268,-4.3098207,LumA
TCGA-BH-A1F2-01,1.6327292,-1.5443716,-3.7255495,-1.167229,0.6537803,0.29229486,-0.7345523,2.9558768,-2.8412926,2.4523892,LumB
TCGA-BH-A0BD-01,1.3437262,0.878117,0.38852382,1.207148,0.878557,0.85815436,-0.08593664,1.003648,-0.7667886,-2.037043,LumB
TCGA-A7-A0DA-01,-1.3574346,1.2334157,-3.4102244,0.77851796,1.9187086,-1.3522921,1.4852844,-3.83448,-1.3727562,-1.1298349,Basal
TCGA-A2-A25C-01,2.3341327,0.6028973,-0.7446609,0.9546455,0.518706,-1.5138525,-0.7925402,1.8115457,-0.93476975,-1.4481604,LumB
TCGA-E2-A14V-01,-0.2775688,-1.0862404,0.10076321,2.8334851,0.34386867,-0.4308873,0.98441595,-0.52445,-2.679096,-1.1742537,Her2
TCGA-B6-A0WX-01,0.26894644,3.4194775,-0.7097592,-1.1695558,1.5264646,2.093758,1.6850387,-3.653826,-0.40038592,-0.9726758,Basal
TCGA-BH-A0DV-01,4.2154803,0.12038502,-1.895861,-3.9103503,4.588723,5.0198793,-2.2755752,0.13688634,-1.5254483,-1.4745889,LumA
TCGA-A8-A09V-01,3.9486992,-1.3455352,2.353517,-2.4786031,-0.625046,-4.3699183,1.6903669,0.96827114,-1.2596402,-4.837811,LumA
TCGA-BH-A0HP-01,1.5581341,-0.3647503,0.70977706,-0.7697318,1.2092285,1.4433169,-2.0306118,-0.46771127,-1.0121225,-2.5125015,LumA
TCGA-B6-A0I8-01,0.6840456,-2.8164084,0.4505865,2.2374527,0.14038822,-0.59186035,-0.29458794,0.40929013,-1.6218857,-1.5444107,LumA
TCGA-E9-A1N8-01,-1.4256197,3.1863487,-1.6219189,3.4967496,0.050684966,-5.203645,1.211326,-5.5223484,1.6366247,1.2613482,Basal
TCGA-AR-A24Q-01,1.0906869,2.7255204,-1.7554647,0.860958,3.0142994,0.31203604,-0.6051312,-2.9687994,0.7511272,0.6581643,Basal
TCGA-AR-A0U0-01,-2.5237138,5.823816,-1.312393,4.554189,1.9843388,1.5798279,1.032224,1.7154408,-2.0984454,2.6335537,Basal
TCGA-B6-A0RG-01,0.814357,-3.5943627,3.158728,2.988036,1.3672322,2.3246963,0.05398093,-0.95840794,-1.1470807,-1.3491826,LumA
TCGA-A7-A0CE-01,-0.15773833,1.4172785,-0.5754186,2.0127902,1.1755136,-0.7063,0.5680341,-2.345482,-0.2672729,-0.30984497,Basal
TCGA-AC-A2FO-01,3.2275743,2.491632,0.74522394,-1.5095145,0.7453312,0.49628106,-0.29647505,0.9040393,1.121199,-1.7760155,LumA
TCGA-C8-A12Y-01,-2.5586927,-2.6789107,4.4058137,0.81660587,0.4301417,5.8102093,4.7647724,-1.1093138,-1.7631502,-3.3379157,LumA
TCGA-B6-A0X4-01,-1.5787047,-7.989386,5.929327,-0.10064012,-4.525986,-2.7133634,-4.3475494,-0.14998677,5.397201,-4.58024,LumA
TCGA-AC-A2BM-01,2.1124856,0.53762925,2.7862017,1.7442876,-2.9282737,-2.2275226,2.6793017,4.4902034,0.7324645,-3.4579737,LumB
TCGA-E2-A15G-01,1.7362007,-2.3450494,3.430993,-1.4919199,-0.89340764,-2.5960948,0.70841455,1.1340592,-1.3652109,-5.2742343,LumA
TCGA-D8-A146-01,3.2287898,1.1973314,-0.6122465,-1.2154415,1.0813456,-1.3073382,-0.022341505,0.6579539,-0.2641384,-2.7307904,LumA
TCGA-C8-A12U-01,-2.0265996,0.38763285,4.080441,5.0734086,-3.3983774,1.2400074,0.7946568,4.137877,2.1746902,1.8556535,LumB
TCGA-B6-A0WT-01,2.328656,-1.8681883,0.07329091,0.7985254,0.5102524,-1.0890566,0.54087925,-0.14425823,-1.438194,-2.4420323,LumA
TCGA-C8-A27A-01,4.7551174,-0.48268327,-0.41888264,4.2588873,-4.4076085,-5.174141,2.2559276,1.3303525,-1.6967459,2.4857714,LumB
TCGA-A8-A081-01,0.0683089,3.0882318,2.0229464,5.395975,-1.845893,-1.657517,2.0836546,3.6438074,-2.103243,-0.8614055,LumB
TCGA-AO-A03O-01,-3.1135643,0.8495463,1.0616274,5.7430296,-1.4079586,1.7624902,2.1606388,4.9193754,-2.1219563,-1.7322161,LumB
TCGA-D8-A1XW-01,0.42566076,4.6506944,-3.3701673,-0.24025705,3.1029172,-2.2462566,-0.26886493,-0.69857424,-1.1821345,0.22506085,Normal
TCGA-E2-A15L-01,1.380939,-2.572848,-0.734177,-0.11194675,0.21950358,-0.26783442,-0.007824057,0.5351137,-2.6996176,-2.6195629,LumA
TCGA-E2-A105-01,2.261896,-1.6841257,3.3567848,2.6148205,-2.7684646,-1.9819963,4.2254796,-1.0306351,0.49046934,-0.8836671,LumA
TCGA-E2-A15H-01,0.35238156,-0.8694576,0.72561973,1.0973034,0.29867908,-0.37774068,0.923769,-0.4169164,-1.8089603,-1.7512486,LumA
TCGA-BH-A18S-01,-0.7909203,-4.305551,0.88507724,-0.34081683,-2.0519671,1.167776,-5.8360243,3.4555202,2.013327,-2.3507042,LumA
TCGA-AR-A1AO-01,2.8607779,4.878929,-1.9736531,-0.67606103,2.6018653,2.3853748,-0.60997754,1.152595,-0.7165305,-0.6838607,Normal
TCGA-AC-A23G-01,4.033226,0.07385403,-2.080852,-1.8366162,3.159666,2.4597228,0.055032797,-0.37877718,-2.0737574,-2.4935102,LumA
TCGA-AN-A0FV-01,0.17907415,-3.3003814,-3.1207197,4.480573,1.4962276,0.118024215,1.0815761,-0.2735805,-3.8247764,0.8404545,Her2
TCGA-AR-A24Z-01,0.37729052,-0.20875144,-0.63129616,2.9217463,-0.030374102,-2.3272982,0.24644123,1.7638258,-2.863156,-2.0389764,LumB
TCGA-D8-A145-01,3.6850455,1.317036,0.6463377,-1.1056676,1.2828346,-0.6214179,-1.121391,-0.16530451,0.95370334,-2.4195533,LumA
TCGA-D8-A1XB-01,2.823589,-1.7618028,-1.1937985,0.07750916,0.8144149,-1.3728791,1.7256441,-0.23308796,-2.1104186,-2.899025,LumA
TCGA-A2-A0YL-01,2.9930372,0.9417353,-0.059074864,-0.6300659,1.786145,0.21110068,-1.2946701,-0.874592,-0.048868537,-2.5899417,LumA
TCGA-C8-A12Q-01,1.6547147,1.0175105,-1.7144026,2.6385596,1.7581103,0.040954508,-0.6071048,1.2987281,-2.37766,0.291909,Her2
TCGA-BH-A0HI-01,1.2231132,-3.0266776,0.2926569,-0.5564141,1.1467907,3.7729871,-2.4550788,1.7867182,-1.7197975,-3.5325844,LumA
TCGA-A2-A0EW-01,5.2488613,2.564277,-0.90249866,-3.2474205,1.845873,-0.6155787,-1.4631027,-0.1695369,0.5423363,-2.6617947,LumA
TCGA-A2-A0D2-01,-1.480662,3.6875498,-1.0865506,0.20388769,2.0365415,0.5319639,0.26747337,-1.4189295,0.76698834,3.1212358,Basal
TCGA-EW-A1J3-01,-0.9796635,0.23668858,0.966861,-1.6027269,-1.6829015,-2.7599277,0.57446444,0.081598416,-3.145089,-1.6194365,LumA
TCGA-EW-A1P3-01,-0.020625375,-0.26578927,2.6747153,-0.58492994,-0.5963699,0.5319408,2.6890728,-1.3141805,-1.3324702,-2.6528063,LumA
TCGA-BH-A1EY-01,1.6613803,1.3676068,-1.076076,1.1576723,0.6372734,0.3549674,1.3231133,1.7291437,-2.0050817,-2.1101909,LumA
TCGA-A2-A259-01,2.621012,1.374221,0.7456304,-0.28307658,0.80605125,-0.31773028,-0.5422972,0.9282832,0.6142167,-1.9326184,LumA
TCGA-E2-A1B1-01,3.2847314,3.6917348,-1.7436912,-1.4418373,1.6176349,-1.0017165,-0.84402806,1.2078636,-0.44277525,-0.83850074,LumA
TCGA-AR-A2LR-01,3.407243,2.7727146,-2.008216,2.0120409,2.9875746,-2.88578,0.25523686,-5.017614,1.7588258,-0.74422216,Basal
TCGA-D8-A1XF-01,1.0397253,-2.9972432,2.8122427,5.658202,-4.0871124,-0.98469317,0.6376685,2.8948548,-0.41202688,2.315991,LumB
TCGA-AR-A0U4-01,-0.61134344,6.094709,-1.992864,1.5270829,2.7343402,-0.12918352,-0.3520867,0.42556012,-0.09198294,2.7865388,Basal
TCGA-C8-A26X-01,-2.425098,0.8822209,-2.7550604,1.5368292,1.7857541,7.1229653,0.3265376,3.4870706,-1.258625,3.2275875,Her2
TCGA-E9-A1N6-01,0.4374118,-1.5689596,-2.947427,2.084595,1.1521877,0.431752,1.8421154,1.0681593,-2.7998672,-0.76208466,LumB
TCGA-A8-A08C-01,-0.86482203,-2.560949,0.26030558,-0.44527382,-1.004512,-0.3768958,-2.43717,0.93533874,-2.6167612,-3.553166,LumA
TCGA-BH-A0H7-01,0.57175374,-2.4351575,-1.2113857,1.9686579,1.9266194,2.8129857,0.11029451,0.436269,-1.5500679,0.26412863,LumA
TCGA-BH-A0E1-01,1.2828143,-4.322236,2.002971,0.8047749,2.033493,3.9029763,-3.64068,-0.7755715,-1.0694078,-2.3923218,LumA
TCGA-BH-A28Q-01,1.8998286,-0.34015036,0.57392466,-0.708916,0.32162148,-1.1113884,-0.7727823,0.93521166,-0.62176394,-2.952162,LumA
TCGA-A2-A1FX-01,2.4724991,-0.46142527,0.86389244,0.3878778,-1.1390562,-1.3527783,1.479306,2.058375,0.100216895,-1.5400193,LumB
TCGA-E2-A10F-01,2.7809627,0.6552086,-0.9468572,-0.75679874,0.63026565,-0.50611496,1.4095515,1.9238673,-1.4215101,-3.1287973,LumA
TCGA-A1-A0SE-01,1.6736261,-1.4048194,1.2804756,0.46653947,1.6677166,1.5725741,-1.4632244,-1.4966741,-1.3738592,-2.5348523,LumA
TCGA-E2-A1B5-01,0.03155627,4.1938634,0.3121729,-2.3735108,1.2052778,5.9607086,-1.0291679,3.5789027,2.6363642,0.96597713,LumA
TCGA-BH-A0DE-01,3.5181346,0.48191243,-0.09084128,-3.1703982,0.9789878,0.23154049,-0.5777896,0.07908338,0.14639005,-0.9233171,LumA
TCGA-E2-A14P-01,-0.5743971,0.82790184,0.033904143,3.3157887,1.0961357,2.9244282,0.6556763,-0.096159056,-0.94093436,0.49540794,Her2
TCGA-E9-A227-01,0.6326179,0.51789784,-0.017656505,-1.2047702,0.66207486,1.6328113,-1.6281794,1.6865889,0.34844607,-0.90152234,LumA
TCGA-A8-A07O-01,-3.3494377,2.4317162,-1.6218529,3.0282583,1.9233423,-0.1903853,0.5826197,-1.3019525,-1.2978264,2.2542403,Basal
TCGA-BH-A18T-01,-5.250178,3.276048,-2.2117002,1.6547496,1.3326391,-2.669351,0.030257182,-0.9089497,-1.142548,4.5839186,Basal
TCGA-AO-A0JA-01,2.58633,0.05527196,-0.72187054,1.2251282,1.430091,0.7757151,-0.7497028,0.66864717,-1.1908307,-1.1399515,LumA
TCGA-B6-A0IO-01,-1.3371389,-0.7396053,1.9094324,1.1224327,-0.8589326,-0.41926727,0.25284246,0.0023898992,-0.92311954,-1.4375114,LumA
TCGA-E9-A1QZ-01,1.9066592,2.8039691,0.08639944,-1.2021636,0.6375622,1.0621991,-0.37486273,1.4560101,0.73011553,-1.2151043,LumA
TCGA-AC-A2B8-01,3.4548383,1.6647018,-0.9175968,-1.6709963,0.9604102,-1.125216,0.5565172,1.6389625,-0.95541835,-2.7684062,LumA
TCGA-E2-A1LH-01,-2.185274,4.1004806,0.33973786,-1.2782362,0.9641882,4.610957,1.7776462,-1.6534026,2.5758362,2.2193666,Basal
TCGA-EW-A1OY-01,-0.7430559,-1.5204176,1.1059903,1.7067465,-0.1107319,1.6466182,1.3426625,0.64104706,-0.14809836,-1.3852606,LumB
TCGA-A2-A0CQ-01,-1.8760034,-2.8095822,2.5789979,-2.2185037,-2.5320873,-0.013670057,1.0400887,0.5189505,-0.96753216,-3.1738596,LumA
TCGA-AR-A1AL-01,4.1136136,2.3813465,-0.6162962,-2.025553,1.5797517,-1.1972064,-1.295043,-0.4217169,-0.031121548,-3.055979,LumA
TCGA-E9-A22B-01,0.72435784,-1.6644598,-0.79451346,-0.2755125,0.4233063,2.1210036,-0.72958225,0.74393207,0.11904843,1.4313502,LumA
TCGA-C8-A26Z-01,1.2494347,-1.9882188,0.22876763,1.6712499,-0.7690651,-0.869594,0.3550836,0.08939291,-0.7745881,-0.27667034,LumA
TCGA-E2-A1IH-01,0.88981575,2.0700188,-1.6129111,-2.3796957,0.35345662,1.3088471,0.47650933,2.20714,-0.45925826,-0.20334023,LumA
TCGA-E2-A14S-01,-0.06099803,0.08366076,1.2548141,0.2705063,-2.1849546,-1.3277199,1.3368784,3.1441503,0.18521623,-0.99702054,LumB
TCGA-A8-A07E-01,2.9079647,0.8776734,-1.4612939,-0.095871046,2.133069,1.2764906,-0.9105553,0.5477841,-0.84475094,-0.89881253,LumA
TCGA-C8-A1HO-01,1.3226002,-1.238281,1.8932288,2.5026011,-3.317206,-1.0855598,0.40300024,2.1889985,0.73259974,1.1448665,LumA
TCGA-A2-A1FZ-01,3.0781446,0.85274845,-0.730869,-0.97388107,1.3523973,-0.30260634,-0.71251017,0.9579834,-0.3232457,-2.594974,LumA
TCGA-D8-A27M-01,2.4559374,7.5157638,-3.3695235,0.22554916,2.997817,-2.8897617,-0.11107972,0.28479534,-1.221846,-0.13603988,Basal
TCGA-E9-A228-01,2.9314303,-3.0549386,-0.31921798,2.0428298,-3.8563142,-2.9287858,-0.034969725,2.088973,-0.5800291,1.9173329,LumB
TCGA-AR-A1AW-01,1.4308214,7.109402,0.5169167,0.9569288,-1.3035022,-0.01176258,0.421986,6.753106,0.27820975,0.61000776,LumB
TCGA-EW-A1P8-01,-1.1450793,3.4469635,-1.4023713,1.344081,2.1920385,0.40373617,0.87890023,-1.1874186,-0.7144204,0.8432007,Basal
TCGA-BH-A0H6-01,2.238921,-3.0505803,0.3953489,-1.4247197,-0.5781983,-0.3835526,3.4934285,-0.640579,-2.3935096,-2.0569372,LumA
TCGA-D8-A1JF-01,-0.39484677,-0.27434036,-3.708455,2.3994482,1.7200103,1.6465344,-0.585025,3.283568,-3.2338243,3.1464522,Her2
TCGA-C8-A273-01,0.48871008,-1.8300023,0.594412,1.2681407,0.5091722,1.3952093,0.6639283,0.31787577,-0.51872957,-1.0226688,LumA
TCGA-C8-A132-01,2.1141903,2.022972,0.39822268,1.5487787,1.1329911,0.7998215,-0.020369258,0.47976255,-1.2096399,-1.7268057,LumA
TCGA-A8-A075-01,-0.02536796,0.77912855,-1.1698308,3.5955555,-0.27556074,0.22991884,2.5983908,2.7236776,-2.2913687,-1.9273641,LumB
TCGA-A1-A0SD-01,2.455276,0.098614216,-0.2764136,-0.32958367,1.370087,0.20386593,-0.4180372,-0.29050916,-0.23372321,-1.3381877,LumA
TCGA-AR-A256-01,-3.4625118,3.2131925,-3.0509102,0.85685086,2.7263422,-2.7132378,-0.022073675,-1.6033059,-1.3593949,2.9033802,Basal
TCGA-A2-A0T3-01,1.2643043,-0.9713743,0.5904928,1.731218,-0.16474777,-0.5681266,0.52789724,-0.95435286,-0.534412,-0.7237047,LumB
TCGA-A7-A0CD-01,1.4769405,-3.0688562,-0.069976054,-0.45327982,-1.8586558,-0.45152998,-1.3793409,2.6417623,-0.15565038,-0.6684639,LumA
TCGA-A8-A07I-01,1.1301992,0.24491668,-2.2980058,2.6856136,0.59612614,-0.050597478,0.6210108,3.6845982,-2.6492174,-0.23137015,Her2
TCGA-BH-A208-01,1.5215763,-0.47843358,-5.254408,-2.4796293,4.7659607,4.1337304,-0.6761355,0.18616372,-2.039588,1.3927035,Normal
TCGA-BH-A1F6-01,-1.1752188,2.8173966,-1.1340858,2.0938375,2.2515326,1.9133891,0.62846345,-1.2158849,-0.8945841,1.3209825,Basal
TCGA-E2-A1IK-01,0.26181206,-2.0095935,5.227741,-0.39772692,1.1119446,6.263468,-7.0939384,3.885522,6.804119,-2.0995927,LumA
TCGA-AR-A24X-01,0.90635055,-0.3965793,-0.3904087,-0.6890452,0.58318543,0.78151685,-1.8205389,1.2010204,-1.5208101,-1.8135188,LumA
TCGA-E2-A1IE-01,2.1112833,-3.0495398,2.0952892,0.9369066,-1.566623,-1.334377,0.41720718,-0.3579588,0.3072843,-0.62605584,LumA
TCGA-A7-A2KD-01,1.3420476,1.5555758,0.024254449,1.4733745,-0.28233132,-1.5107175,2.0224001,1.0624202,-1.6007422,-2.2829177,LumB
TCGA-AR-A24T-01,2.901668,0.36671063,-1.3336729,-1.701603,1.3009131,-0.1029582,-0.5770831,0.47218478,-0.42671067,-1.1076989,LumA
TCGA-E2-A150-01,-1.3951168,2.7696822,-3.0515811,1.0839046,3.1631894,-0.11662127,0.47176322,-0.512175,-1.6046293,1.2811093,Basal
TCGA-AR-A251-01,1.1782562,5.0335393,-2.0358646,1.4229891,2.4925714,-3.0928338,0.7922791,-2.0817935,-0.58027655,-0.53735983,Basal
TCGA-BH-A0B1-01,1.2249177,-0.7572472,0.48094183,1.8153603,1.788015,2.1249106,-0.9695175,0.017678685,-1.2382628,-1.5376873,LumA
TCGA-D8-A1JE-01,1.816092,-3.4861898,-4.789074,-1.3209281,-1.3822302,1.076007,-0.20049725,5.014647,-3.317483,-2.3489485,LumB
TCGA-A2-A0CP-01,0.889647,-0.42196384,1.1790575,-2.8888023,0.95943815,3.2593844,1.413411,-2.000479,-1.6710306,-1.6835845,LumA
TCGA-C8-A274-01,-1.4024521,-2.176199,0.030225806,3.3939762,-0.4537946,-2.595885,-0.5541922,1.023765,-4.838672,-3.8105717,LumB
TCGA-AO-A0JC-01,2.6266525,9.116847,1.6048597,-1.9846629,-0.6570128,1.4238868,1.0666716,5.6275334,2.254923,-0.43103576,LumA
TCGA-AR-A0U2-01,5.0197077,1.8357255,-1.3821365,5.2254963,-2.2566037,-4.157445,1.0674933,2.763816,-2.4270976,3.012367,LumB
TCGA-B6-A0IH-01,3.4600363,2.0086217,-0.16239358,-2.4311764,1.4587046,0.8129664,-0.7818783,-1.5244093,-0.2758428,-2.3197894,LumA
TCGA-EW-A1PB-01,-4.490389,6.2204204,-0.18893717,4.9191437,0.9007915,3.6014242,1.9452132,2.592051,-1.1049243,1.7677505,Basal
TCGA-BH-A0E9-01,4.0213594,2.0455036,1.0313059,-1.09486,1.454769,-0.8992278,-1.1696491,-0.9578334,0.27594805,-3.7494032,LumA
TCGA-E9-A1NH-01,2.0285127,-0.592308,-1.08902,-1.3622513,0.60691726,0.52218807,0.7260655,0.29980147,-2.2941837,-2.8983834,LumA
TCGA-EW-A2FW-01,0.3304799,-3.0424128,1.7339815,0.41649225,-1.6069294,0.8125046,0.39416403,0.6931871,0.72338593,-0.0594583,LumB
TCGA-A2-A04Y-01,-1.1074896,1.3586797,1.3104212,-0.15235348,-1.0689219,-0.6864585,1.4003537,0.99024016,-0.46199548,-0.2394208,LumB
TCGA-A7-A3IY-01,-2.1593125,-2.148388,0.25341094,-1.1327866,0.18646987,3.467617,-1.9874884,1.1025436,1.4976367,0.6038176,LumA
TCGA-AO-A0J8-01,0.5640255,-0.3179304,-0.29983708,-0.25688124,0.1287782,1.504178,0.43743312,1.6227946,-1.9953818,-3.2143607,LumA
TCGA-AO-A12E-01,1.9681108,0.4804393,1.2516898,0.28467306,0.91556597,-0.030625977,-0.54022205,0.50752443,0.23414184,-2.3063157,LumA
TCGA-A2-A1G0-01,2.6934402,1.3522316,0.62973964,-1.3623214,0.68315184,-0.5533605,-0.73704636,0.94247526,0.6397831,-1.8841054,LumA
TCGA-BH-A0DG-01,1.9856998,1.0881131,-0.942324,-0.28963307,1.2314391,0.72527635,-0.41513577,0.6245694,-0.412866,-0.4458802,LumA
TCGA-E2-A1IO-01,3.6118429,1.0831405,-0.60088515,0.20665485,1.4443027,-0.8745094,-0.07285817,0.7217391,-0.18385626,-2.1441233,LumA
TCGA-D8-A1XZ-01,-0.030181482,-0.6319676,-1.5085529,1.2105216,-1.3805993,-0.02147115,1.806734,3.079408,-1.064005,-1.0122778,LumB
TCGA-AR-A0TY-01,0.39624146,-2.885193,-0.017254993,2.4751265,-0.66899097,0.9831307,-0.5541165,1.1207258,-1.1157779,2.3002508,LumB
TCGA-A2-A0SW-01,-1.1541879,1.5557497,-0.5158567,1.865582,-0.36105645,3.953193,-0.10771232,4.747268,-0.4880492,1.0763764,LumB
TCGA-D8-A1X6-01,-1.9106865,-2.3984718,-0.20943147,0.49113336,-4.981882,-0.59753263,1.977451,5.4655495,-0.2695258,-3.4279091,LumB
TCGA-EW-A1OX-01,-0.43127373,-11.733085,2.639613,4.224565,-5.3575583,-1.0609814,-5.819566,3.9943101,-0.4810617,5.8148723,LumB
TCGA-BH-A0HW-01,2.0609608,-7.467244,4.3431797,1.406806,-6.4512715,-4.592213,0.78149563,0.88625187,-0.641358,-1.0963774,LumB
TCGA-BH-A0BP-01,2.7173889,-0.36611658,-0.54429954,-0.3592835,1.7745415,1.0771031,-0.20276096,-0.77560407,-0.95366955,-1.5293801,LumA
TCGA-AO-A03T-01,-2.110542,-1.5864613,6.1320624,0.0030349349,0.27867758,4.28144,1.6671771,-2.013297,2.9726439,-0.743846,Normal
TCGA-B6-A1KF-01,-6.6613884,-3.6388733,-3.377504,3.7691486,1.2883354,1.079371,1.4348185,-5.731819,-2.2025032,3.7376547,Basal
TCGA-D8-A1Y3-01,-7.589088,-0.952981,-0.5863719,3.0286756,-2.5068645,4.8572564,2.4507785,4.7454624,0.3004731,2.0167296,LumB
TCGA-A8-A0A2-01,1.3339329,0.23124027,0.40390092,-2.07819,-0.9150244,-2.1070118,0.19913815,1.9538668,-0.8670169,-1.7597082,LumA
TCGA-B6-A1KC-01,3.2704613,-5.3848586,0.36089882,0.95804036,-5.950811,-3.874504,-2.749561,3.8827765,0.2546242,3.8985555,LumB
TCGA-D8-A1JT-01,-5.050364,-4.0265784,-2.18605,1.2643262,-5.0079007,0.05772054,-0.097837746,4.906736,-2.557366,-0.22285712,LumB
TCGA-A2-A04P-01,-5.128623,2.2515671,0.4879526,-0.49556246,0.041331105,1.9818916,1.9070346,-2.0602422,0.9910899,2.7073894,Basal
TCGA-BH-A18K-01,0.25822538,-0.46726945,-0.065456145,-0.3879142,0.19225582,0.7908611,1.5180899,-0.68084496,-1.8049644,-1.5281813,LumA
TCGA-A7-A13E-01,-3.477071,5.1171646,-2.7247334,-1.2165216,-0.49247694,-6.4857774,0.115630455,-1.3049798,-2.5038092,4.223671,Basal
TCGA-A8-A096-01,2.9407566,-0.07151752,-3.0802875,-1.3099306,-0.42247155,1.8912877,-0.7893298,5.963408,-1.8569212,-2.993345,LumB
TCGA-E2-A1LS-01,-13.603392,-2.6458182,-1.2915063,-1.5145434,-2.0868778,-0.17265107,-2.6009395,-2.1217523,1.6493956,8.444024,Basal
TCGA-A2-A0CX-01,-1.1306207,-0.587801,-2.4741435,2.7267392,1.4255434,3.1379201,1.3844662,1.6338058,-2.306625,0.5186221,Her2
TCGA-A1-A0SM-01,1.0992573,-1.9421201,-1.6796775,0.9424043,1.1158601,0.64028364,0.13855681,-0.074336074,-2.2917254,-1.4370372,LumA
TCGA-A2-A0EM-01,1.1668831,-3.0200834,-0.3356822,-1.1955216,0.62177956,1.8121853,-1.3660877,0.51760095,-2.4280272,-2.3312209,LumA
TCGA-AQ-A04H-01,1.4993385,-1.8730927,0.7041096,1.6221144,-1.8441232,-1.1896094,-0.09403602,1.9441073,-0.70635164,0.5015736,LumB
TCGA-A2-A0T5-01,0.26521975,-1.8351246,1.9881928,0.7929657,1.5058831,1.9642111,-1.189545,-1.5502329,-2.7228162,-2.9437716,LumA
TCGA-AR-A24V-01,2.3332484,-2.0582743,-2.5266995,-0.28521976,-0.12697196,-0.7161835,2.6115296,2.1597917,-2.3805494,-1.9427805,LumA
TCGA-A1-A0SI-01,2.0674596,1.6478753,-1.6074226,1.3648065,1.5049998,0.5090157,1.1453203,1.1022673,-2.3730185,-2.1333919,LumB
TCGA-B6-A0RP-01,2.0618682,-0.1439946,-1.2550706,-2.297661,-0.09129594,0.54724014,0.67892075,2.5811996,-1.2975146,-3.00643,LumA
TCGA-BH-A0AW-01,-0.12875932,1.5827429,-1.372174,2.7264001,2.3594222,7.421239,-0.37010875,2.6636243,-0.7257218,2.4761522,Her2
TCGA-E9-A1N9-01,1.692666,0.41010568,-0.6017375,1.3277742,0.68897223,0.3019187,-0.37610596,-0.7191862,-0.19878367,0.9389184,Basal
TCGA-BH-A0GZ-01,0.19978914,-1.0319155,1.7334101,-0.1401934,0.98964584,2.3200963,1.0093049,-1.4838935,-1.3352584,-1.399513,LumA
TCGA-E2-A152-01,1.143221,-1.590371,-4.231394,2.6130795,2.106872,0.54534006,1.0771556,1.0131114,-3.9176853,0.16036424,Her2
TCGA-BH-A0BF-01,1.1623973,3.3314786,-1.2873557,0.40349308,-0.2924257,0.3589724,1.3897824,2.7937906,-1.1289159,-1.2007847,LumB
TCGA-A8-A06N-01,-1.8471806,-3.7729275,6.087931,4.376183,-9.267959,-6.4929085,0.08103294,7.841711,-0.23410985,-0.83602077,LumB
TCGA-D8-A27K-01,1.859756,2.0218465,0.25261688,-0.77380365,0.79443437,-1.2936288,-0.028035093,0.4707044,-1.6855508,-3.1914217,LumA
TCGA-BH-A0HX-01,1.6390172,-1.1469777,0.60066426,1.2502316,0.8732095,0.9417225,-0.026270462,-0.35196698,-0.13746983,-0.42672804,LumA
TCGA-A2-A0T6-01,4.1308875,2.1091588,-2.1361537,-3.219862,1.432067,0.13703753,-0.2792124,2.4758253,-1.0649824,-2.224235,LumA
TCGA-E2-A15I-01,3.7406604,2.6866128,1.2962416,-1.8289921,0.5351487,-3.1919777,-0.17507507,1.7078536,-0.9182173,-4.471529,LumA
TCGA-AN-A0FD-01,-0.91269606,-3.0378177,-1.2241684,0.5828465,1.2320747,4.721404,0.36953485,1.5839013,-0.81496215,-0.2614175,LumA
TCGA-AN-A0AK-01,-3.289691,-4.864218,1.2793127,6.174657,-0.22408995,6.9604025,-1.2088999,5.424731,-0.6459937,5.3714294,LumB
TCGA-D8-A1JS-01,-7.5104737,-8.276773,5.0357594,-1.443835,-4.754319,2.724747,-4.369246,1.2274206,1.7075694,-1.8087184,LumA
TCGA-AO-A1KS-01,0.8887891,1.5784086,-1.1594379,0.30513868,-1.3743651,-3.4253943,-0.18394321,2.2177505,-1.9851865,1.8176098,LumB
TCGA-AR-A24U-01,0.8114776,3.8354785,-2.6269596,1.7318403,0.9789699,0.10539636,-0.2507818,3.921343,-2.5795593,0.9967106,Her2
TCGA-A8-A085-01,1.092789,-7.100229,-0.45532468,1.4861068,-4.159913,-2.6442366,0.66663647,1.0959542,-2.6570966,0.106064826,LumB
TCGA-BH-A0C3-01,3.3740354,1.8520471,-1.1358126,-1.2125582,1.4402347,-0.21277818,-0.6533879,1.5005455,0.09886965,-1.0093296,LumB
TCGA-AO-A1KQ-01,-1.734496,0.07268081,2.7708778,1.1139932,-1.2623161,2.5169146,4.2402453,1.2747718,0.008616671,-1.8116236,LumB
TCGA-E9-A1N3-01,1.5552207,-2.8254328,2.463211,0.18243425,-2.0879922,-1.6917104,-4.648953,2.4859512,3.8332422,-2.940561,LumA
TCGA-AO-A0J2-01,-3.2991817,0.521365,-2.1484237,3.9761376,0.3668549,4.033765,3.2788315,0.58243805,-2.664129,0.5520369,Her2
TCGA-A2-A0T2-01,-4.8134456,-0.5891968,-1.6793286,1.748899,0.95502144,2.915341,2.467674,-2.9564955,-1.5737008,1.2289016,Basal
TCGA-BH-A0B5-01,3.0228024,1.6136432,0.4438417,0.061561152,0.09582266,-2.2573822,1.9265225,1.5242548,-1.7378929,-3.601939,LumA
TCGA-BH-A18N-01,3.2513506,-5.366053,1.300409,-0.2030746,-2.785376,-3.1188908,1.1772103,2.1136708,-0.60508114,-3.2678545,LumA
TCGA-B6-A0RO-01,0.05212133,-4.489567,2.6425183,2.456437,2.5425615,4.8449926,-3.2732472,-0.2203322,-1.99336,-2.6472135,LumA
TCGA-E9-A295-01,0.86607826,-0.77560794,1.6255981,0.71074843,1.0316722,1.7560554,0.50873005,-0.9739692,-0.63756245,-1.0938938,LumA
TCGA-E2-A1IU-01,1.5464754,-1.2696191,2.895401,-0.05605317,0.7339887,1.4103361,-2.6465037,1.2947918,0.31299323,-4.18323,LumA
TCGA-E9-A1N5-01,2.7869828,0.3491773,-0.36439937,-0.027618963,-0.30343497,-1.373882,2.4339945,2.3302355,-1.1659123,-3.1884294,LumA
TCGA-E2-A1IJ-01,2.491297,1.686629,-0.81750095,-1.9477592,1.19469,0.8213076,0.53281176,0.51161623,-1.3000693,-2.4530265,LumA
TCGA-BH-A209-01,-1.3071066,4.8461533,-0.30018502,2.3770227,-0.9302352,0.6846827,0.8753967,4.8033876,-0.95021516,0.57838887,LumB
TCGA-C8-A26W-01,0.608874,2.1328907,1.1959256,0.3860735,-0.23570338,0.06582737,1.5536565,0.8109527,-1.0587645,-1.8128383,LumB
TCGA-E2-A1AZ-01,1.9723896,6.5166774,-2.7562768,0.24248266,1.9744221,-2.9761577,-0.48326543,0.91627544,-0.8588891,1.3540442,Basal
TCGA-AN-A0FK-01,-1.4247407,-4.428915,0.50468653,0.56612223,-0.42650846,3.0406988,-2.6520274,1.9326415,-0.7514282,-2.0825503,LumA
TCGA-D8-A1XO-01,1.8752698,-0.23712277,-1.2286118,-1.4242284,0.47928965,0.17562847,-0.7957813,1.8388734,-1.7322091,-2.6860662,LumA
TCGA-D8-A27G-01,1.7628628,0.76899123,-1.410142,-0.5258685,0.23118281,0.4299916,0.6192477,1.9827378,-0.79000074,-1.2882168,LumA
TCGA-AR-A0TT-01,1.9227573,4.83052,-0.6534037,1.8581605,-0.98099387,0.6057919,0.953428,5.316445,-0.74433917,-0.56293416,LumB
TCGA-A8-A0A4-01,2.4303982,-0.7807901,1.3538736,-0.0288537,0.8847693,-0.6049397,-0.582566,-2.0347884,0.16173016,-2.7749987,LumA
TCGA-BH-A0DQ-01,1.6875858,-0.16703254,-0.46870703,-0.8980417,0.92154163,0.94235986,0.35808763,0.12548338,-0.6853327,-0.7433835,LumA
TCGA-GI-A2C9-01,-0.23946765,2.7900138,-2.3367245,1.6932311,2.943921,-1.9700185,0.23771821,-3.0966127,-0.4698192,-0.4479852,Basal
TCGA-A7-A3IZ-01,3.7197814,-3.9836514,2.810153,-0.896882,-3.8077364,-5.0538054,-0.6118258,3.255636,0.04738149,-2.3743644,LumA
TCGA-AO-A12D-01,-0.674605,1.8185757,-2.4723585,3.2896912,1.4460703,1.5695727,0.586226,2.0961246,-2.7952676,1.1296344,Her2
TCGA-EW-A1PC-01,-1.8433615,-0.309263,0.7198258,5.175643,-0.6234991,-1.3509269,4.24791,-1.2281067,-2.12506,-2.7106023,LumB
TCGA-E2-A1LA-01,-0.6840369,0.049862683,0.72046417,0.1251535,-0.17356683,3.7169812,2.7660925,2.0264146,-0.21763355,-1.4225781,LumA
TCGA-D8-A143-01,-0.008125268,0.82610893,-1.0050642,5.20884,3.5492449,4.7836003,-0.44261044,-1.5045483,-1.5805507,2.3169336,Basal
TCGA-B6-A0I5-01,-3.71132,-2.107441,3.863199,-1.7596358,-0.21564874,4.580621,2.1682281,-2.2790997,-0.29347068,-0.67811203,LumA
TCGA-AR-A24R-01,1.0404606,0.07128316,0.7697917,1.754351,-0.80640316,-0.94787717,1.4851048,2.214161,-0.53057694,-2.2132537,LumB
TCGA-A2-A0YF-01,0.9784068,-0.96383655,-0.25805074,-0.6012225,-0.034340404,1.0950792,-3.0507128,2.7759917,-0.7746575,-1.1359544,LumA
TCGA-BH-A0DS-01,-0.12835571,-0.3533825,-0.6292355,-1.7031324,-0.036729127,2.4750874,1.479874,0.904609,-1.2668097,-1.2881563,LumA
TCGA-E9-A1R5-01,1.023438,-2.5704494,-1.7402794,0.22286454,-0.8292854,-0.24396804,1.439887,1.6532763,-2.095233,-1.5257878,LumA
TCGA-E2-A159-01,0.2987477,3.5333586,-1.8646685,4.759338,2.0142753,1.409081,0.7522464,0.7072137,-3.1608274,0.14431652,Basal
TCGA-A8-A0A7-01,0.49149612,3.3193712,-0.9609956,1.723377,0.55170774,3.7747753,-0.03648175,3.803874,-0.58588696,0.8654199,Her2
TCGA-B6-A0X5-01,-2.5803478,-5.2480836,-0.89149815,1.6694386,-4.506603,-0.42479202,-0.14860846,2.792146,-1.5807507,0.30444396,LumB
TCGA-B6-A0RE-01,-2.338197,1.1416419,-1.804135,2.826309,2.5730395,0.28870362,0.65825003,-2.7393045,-0.6680363,1.2631176,Basal
TCGA-EW-A1PH-01,-1.5583704,3.1043723,-0.40307453,2.9247513,1.7425492,0.36623237,1.3860126,-3.0740168,-0.3632378,0.27331993,Basal
TCGA-BH-A0DH-01,-0.18398973,-1.5924655,1.6986717,0.627005,0.28201437,2.9546342,-0.954356,2.1067421,0.62887466,-1.9307497,LumA
TCGA-E9-A22H-01,0.06760389,-0.03811849,1.3697156,1.4977704,-0.15627845,-0.9212387,-1.3219181,2.4052167,-1.2026529,-3.723927,LumB
TCGA-E2-A155-01,0.32624298,-2.6610546,1.1270424,2.3187647,-3.031437,-0.96316904,-0.6994834,3.7113662,-0.7789001,1.4561183,LumB
TCGA-B6-A0X1-01,-1.3881978,6.5243683,-0.44143382,5.8883643,2.1689959,-0.83945936,1.2282621,-0.90355724,-1.9966207,0.15112779,Basal
TCGA-A8-A07U-01,0.16286387,5.1211886,-1.8378373,1.383208,1.2758927,0.94718724,-0.15676996,2.443482,-1.1044315,2.104726,Basal
TCGA-A1-A0SP-01,0.7847691,2.1405272,-0.4887054,2.6244795,2.6310163,2.327862,-0.89149725,-2.3726883,1.0204871,3.3660972,Basal
TCGA-A8-A07F-01,1.26762,0.76705676,-0.8747585,1.20197,0.38883638,-2.504291,0.6916779,1.0613421,-2.8431325,-2.272994,LumA
TCGA-E2-A1LB-01,-1.1230639,-2.2913506,-4.0565844,2.659565,1.2881411,3.0850089,0.61583304,2.2232642,-3.0974078,2.9238691,Her2
TCGA-BH-A0AV-01,0.5880518,1.9501653,-4.943989,1.0320935,5.7133927,0.26629868,-0.6814636,-3.2665653,-0.72680336,0.3795616,Basal
TCGA-EW-A2FR-01,2.4291763,0.24815431,-3.8503478,1.0239217,2.1576324,-0.3779704,1.5843704,0.2866766,-2.6365733,-0.85108185,Her2
TCGA-C8-A133-01,-10.12058,-13.424777,3.4133193,-1.4441851,-5.638453,3.452994,-13.576501,6.9510245,6.6741314,6.020699,LumA
TCGA-AO-A12C-01,2.1340866,-1.7317654,-0.6023848,-0.11292871,0.3597335,-0.37611595,-0.22884491,-0.6947674,-0.8137641,-0.58041024,LumA
TCGA-A8-A09N-01,-0.5285066,-1.4086666,-0.18436855,2.5689,0.38297775,0.9972015,-0.55683035,2.818742,-1.845087,-2.5603275,LumB
TCGA-A2-A0SU-01,1.7201469,-1.8146545,2.2113988,0.3988806,2.3984761,4.3565607,-2.695089,-0.35208672,-0.5841701,-1.882772,LumA
TCGA-AO-A12H-01,-0.93655753,-5.552361,1.5743152,-0.47627655,-3.9794745,-0.9388777,-3.6136851,2.2461777,1.9962692,-0.2303439,LumA
TCGA-BH-A0DI-01,2.9919338,0.97129375,-1.6157296,-1.006936,2.3279662,1.9298741,-0.24801508,-0.021971097,-1.0033045,-0.9353578,LumA
TCGA-E9-A229-01,2.8596332,0.5595809,-0.9797261,0.0360806,0.41349086,-2.0956216,1.9430124,1.5418812,-1.8835335,-2.9648535,LumA
TCGA-A2-A04N-01,1.2178352,-0.9182286,0.26171434,-1.297445,-0.3511703,-0.11946577,2.6151514,-0.34245092,-1.9807693,-2.3301008,LumA
TCGA-B6-A0RM-01,0.37818435,-2.4416056,2.9994168,0.78998774,-2.271183,-0.8569265,2.2620764,1.3586996,0.55757034,-2.1075149,LumA
TCGA-BH-A0E0-01,-5.218368,-0.64405227,0.42598432,4.7231603,0.48073715,3.1201763,1.1400367,-1.0460496,-1.01148,2.4372423,Basal
TCGA-A2-A0YE-01,-0.19159496,0.7523028,-2.384643,4.245491,2.565279,-1.2431178,0.82898,-2.8144753,-1.4200424,0.39472914,Basal
TCGA-AQ-A0Y5-01,1.7829752,-2.723598,-3.991318,1.7816441,1.4537721,-0.48489472,1.1621345,0.50743604,-2.7957258,-0.032834336,LumA
TCGA-A2-A0D3-01,-0.78126097,-0.17538628,0.8934864,-0.33732104,-0.36964375,-0.08491734,-1.3396164,0.51891786,-2.6400583,-3.0484712,LumA
TCGA-BH-A1EX-01,1.4412998,1.3997461,-2.1457639,0.76735204,0.6883228,-1.8739772,1.1326141,1.2657938,-2.78273,-1.6147752,LumA
TCGA-A7-A0CG-01,2.1080687,2.2028902,-0.6693978,-1.5915947,1.8777182,2.2609775,-2.3477726,1.3930491,-0.68180823,-1.3595953,LumA
TCGA-GM-A2DN-01,-0.03280902,2.4415276,1.1845113,0.72796905,0.7581434,1.559589,0.35492778,0.36824748,-1.4575558,-2.499535,LumA
TCGA-BH-A0BO-01,4.1144104,1.8360294,-1.0346518,-2.393112,2.064408,0.30294198,-1.2937751,0.16738032,-0.4445104,-2.437348,LumA
TCGA-A8-A06T-01,-0.31807005,0.12951535,0.57394505,0.4980303,-2.0338607,-0.82333666,0.928114,3.4511294,0.25826573,-2.2047193,LumA
TCGA-C8-A278-01,-0.9604242,2.0250874,-2.5532787,2.5936747,1.1935874,3.5187154,0.3831186,3.1947742,-2.01467,1.9066877,Her2
TCGA-D8-A1Y2-01,0.6505535,1.472631,-2.881495,-1.1990101,0.0030635744,2.9375274,1.763777,3.5019107,-0.67361856,-1.0467634,LumB
TCGA-A8-A06P-01,2.2273967,-0.8851714,-0.57475847,-1.5651538,0.2936561,-0.07880491,1.4116005,0.78911024,-1.2187961,-1.615062,LumA
TCGA-E9-A1NA-01,0.7738275,-1.133094,-2.0844896,1.4056053,-0.016084217,0.8110103,1.8462565,2.0944836,-1.4399635,-1.3028035,LumB
TCGA-AR-A0TQ-01,1.6765585,1.5048121,0.46648258,2.0183015,-0.3589061,0.0903061,0.079428464,1.8714908,-0.14506048,-0.091572255,LumB
TCGA-D8-A142-01,-0.07878158,1.5666817,-2.7453988,0.09529524,2.3000703,0.22300333,0.40924257,-0.69091934,-0.91463107,0.31996715,Basal
TCGA-BH-A0DT-01,1.4424086,0.7227492,0.69282806,-0.5949554,1.0850476,0.8529131,-0.51129496,-0.33149263,-1.4937277,-2.6607175,LumA
TCGA-BH-A0DX-01,1.8818318,1.2821988,-1.4903666,-0.93446875,1.0801888,1.1144875,0.33381888,0.7602363,-0.97099507,-0.98572457,LumA
TCGA-B6-A0RU-01,2.7460291,0.8818588,-1.1448838,0.7081623,3.5769,2.9377565,-1.522955,-5.541429,0.8155197,-0.21473595,Basal
TCGA-BH-A18U-01,-1.1319702,0.14407468,-1.299373,2.5881398,-0.7591819,-0.5417183,1.8049825,2.249241,-1.6631788,-1.0621183,LumB
TCGA-EW-A1J6-01,-5.653586,1.2217189,2.6176438,-1.1534877,-4.175814,-2.1343305,1.0194349,2.6392655,1.0122188,2.3473792,LumB
TCGA-E2-A106-01,1.2843205,-3.925164,4.529781,2.6181736,0.46453902,1.5554203,-0.8382908,-0.30231127,0.8303111,-1.9949157,LumA
TCGA-E2-A1BC-01,5.175417,-0.54985934,-0.7681914,-6.3832316,1.6258014,0.046333637,-1.9054855,1.2712498,-1.4489368,-1.6417184,LumA
TCGA-AN-A0XU-01,0.20773095,4.5844154,-1.2180849,3.882041,2.2052484,-2.6573184,1.7453218,-2.0038695,-2.0104444,-0.12554395,Basal
TCGA-C8-A1HE-01,0.5515968,-0.8673278,0.9730948,-0.16537286,-0.16862239,-0.94191676,-2.4896426,1.6844622,-1.1764021,-3.6823208,LumA
TCGA-BH-A0W7-01,0.9164313,2.1151385,1.2456443,0.04159391,0.6913449,2.2548873,1.6730167,0.74651563,-1.0550798,-2.366573,LumA
TCGA-E2-A15C-01,1.5225561,-0.28394246,0.90902376,-0.9279566,-0.00898996,-0.82428926,1.4203753,0.29973572,-1.4059455,-2.2924488,LumA
TCGA-AR-A0U3-01,0.32036534,-0.7725341,0.71328586,2.719372,0.11771948,-0.3340732,-0.5500464,0.9560115,-1.6757208,-1.7249906,LumA
TCGA-BH-A0DK-01,1.7423828,0.6171212,0.3649448,1.21166,2.5641193,5.7879333,-2.0149128,2.0684733,-0.34470922,0.19286153,LumA
TCGA-A2-A04R-01,0.9614281,-3.15684,0.3854494,0.9554806,-0.88415045,-0.0015675314,0.28882203,0.40294918,-0.9322755,0.7914724,LumB
TCGA-HN-A2NL-01,-2.006279,6.228356,1.7409301,2.4532065,-2.5888863,-3.8515983,3.2898703,-3.5700953,5.172824,3.72369,Basal
TCGA-D8-A1XU-01,0.90101933,-1.0895066,-0.7133314,0.72087836,0.7051541,-0.22714579,-0.95486593,0.52018213,-1.2634732,-1.9008846,LumA
TCGA-BH-A1EO-01,4.497525,-0.08897909,-4.358173,-3.3877456,2.4175339,1.5373214,-0.8517047,3.1449723,-1.5298407,-0.73824626,LumA
TCGA-B6-A0IN-01,-1.5302138,0.034812745,0.8388307,-1.5649039,1.0677623,5.0662074,-1.3743738,1.7557064,1.9769368,2.35357,LumB
TCGA-A2-A3KC-01,3.498332,1.2546402,0.16867149,-0.59325993,1.1664569,-1.3124858,0.2707847,0.19608434,0.31964517,-3.0414383,LumA
TCGA-AN-A0FF-01,1.6292983,0.29409355,1.0730642,0.37178746,-0.3237644,-0.29687294,0.40684563,2.3105838,0.15594716,-2.682048,LumB
TCGA-A8-A097-01,1.3152995,-0.0333068,-1.0477202,0.4568326,0.16755347,-0.9552982,1.6186361,0.92953914,-1.4120643,-1.4708166,LumA
TCGA-B6-A0IP-01,0.34347028,0.19930254,1.3993787,-1.0201608,-0.00085595995,-0.088159904,0.3136953,-0.52187836,-1.3875835,-2.1473236,LumA
TCGA-A2-A04X-01,-2.504786,1.6103178,-0.3520264,1.2415916,-1.3569266,2.3204622,0.22985934,4.155792,-0.09021383,0.017359003,Her2
TCGA-A8-A094-01,-0.36480162,1.1204673,-3.3322823,6.1070633,2.6719446,5.127305,0.038104862,4.7589564,-3.558285,2.4668455,Her2
TCGA-C8-A12Z-01,-3.2270875,-4.152086,-2.8874135,6.9630127,2.015245,2.159645,0.7452097,0.6702592,-6.0465055,0.12083921,Her2
TCGA-A8-A082-01,3.7069898,-6.051368,-1.7035959,1.6905096,-2.4793067,-2.1088727,1.6191481,2.1873834,-1.6493778,-1.9535909,LumB
TCGA-E9-A22D-01,-0.9908259,3.146566,0.10932358,1.6290878,-1.3772126,3.785932,0.48515126,5.626998,0.48348165,-0.20936346,LumB
TCGA-B6-A0WS-01,1.4415475,1.1216305,0.100221,0.21811706,0.32752836,1.7472564,0.75594175,1.8812122,-0.13767846,-1.7341976,LumA
TCGA-AR-A2LK-01,1.2353868,-1.0915462,-0.9451655,1.2070774,-0.68351364,-1.2430706,2.184487,2.210914,-1.2579739,-2.59535,LumB
TCGA-C8-A138-01,-1.3405329,2.6985247,2.318114,-0.009978881,0.32534534,3.3012457,3.4847348,-0.10936011,-1.9074445,-2.0390668,Her2
TCGA-A8-A07G-01,1.1874034,-0.4507436,-1.5213073,0.29905728,1.2929449,0.917178,-0.42325,0.49637786,-1.9842099,-1.5846119,LumA
TCGA-BH-A0B7-01,2.6850846,2.592557,-1.4358628,0.9336168,2.29535,1.858145,-0.6213822,0.6426089,-1.481813,-0.98074263,Her2
TCGA-A2-A0EX-01,1.035169,-1.5003284,-0.46820503,-1.5412122,2.113555,4.0943785,-2.0216622,0.34495923,-0.7960779,-0.12771595,LumA
TCGA-D8-A1XR-01,0.82089865,-2.3846974,0.3598969,-0.5780423,-1.3466798,-1.5579247,-1.5368953,1.6185929,-0.7082384,-3.2539227,LumB
TCGA-BH-A18P-01,0.87556726,-0.8604591,-1.2770797,2.3136234,0.48977128,-0.6882724,-0.6587019,1.4925156,-3.006078,-1.7347584,Her2
TCGA-E9-A22E-01,0.49504134,-1.5002917,-3.974317,-2.0794084,0.83278793,3.9609616,1.7127067,1.9821494,-1.8207835,-0.6224951,LumB
TCGA-BH-A0B3-01,-1.1684295,2.904706,-1.8124005,2.8161342,3.0511918,2.8407,1.2317288,-1.6145794,-1.716383,0.65728754,Basal
TCGA-E2-A15O-01,1.0630251,-0.49885777,3.518121,2.6309643,-1.7267915,-1.7640783,4.0744643,0.78524613,-0.9411118,-3.536874,LumA
TCGA-A2-A25D-01,-1.726498,1.7854598,0.12710801,-0.064906746,-0.5370458,2.9715788,-0.86706376,3.6099665,0.80263376,0.99888176,LumA
TCGA-BH-A18G-01,-12.549448,-5.829007,-3.0730162,-1.4010504,2.9941096,6.669326,-1.994296,-1.9170314,1.9305356,11.16007,Basal
TCGA-B6-A0IA-01,-9.2660675,-9.593668,3.2809951,-0.48215413,-4.81704,6.0198855,1.1100255,-0.010960633,0.7195735,-0.5289671,LumA
TCGA-A8-A090-01,1.6172093,-1.0510632,-0.681429,0.7943366,-0.2757408,-0.24657393,1.1983318,2.890103,-1.0588992,-3.004439,LumA
TCGA-AN-A0XT-01,1.9153478,-1.7899938,1.4462233,-1.145705,-0.60040206,-0.52213204,-0.097892895,-0.5236309,0.15911193,-0.6860155,LumA
TCGA-A2-A0YK-01,4.846341,4.5761676,-0.33613834,-2.5747495,1.6454763,-0.045967292,-1.4227102,0.45490134,1.0276334,-2.5322165,Normal
TCGA-A8-A09K-01,-0.6231863,0.92940414,6.906494,4.0559053,-5.0646048,-1.4976119,1.7937132,8.157518,2.5518794,-1.539552,LumA
TCGA-A2-A1FV-01,4.797747,-1.9207654,2.716938,-2.9209673,-2.764841,-3.3155828,0.43684545,-2.0284286,1.1454743,0.30023456,LumA
